datetime_utc,address,rssi,timestamp_in_seconds
2024-03-23 18:29:51.106963,F3:B0:D4:A4:42:E0,-62,1711218591.106974
2024-03-23 18:29:51.106963,E4:02:B8:34:EC:F3,-51,1711218591.106974
2024-03-23 18:29:51.106963,E9:71:D6:A6:52:19,-59,1711218591.106974
2024-03-23 18:29:51.106963,EE:93:45:01:28:95,-68,1711218591.106974
2024-03-23 18:29:51.839382,F3:B0:D4:A4:42:E0,-56,1711218591.8393986
2024-03-23 18:29:51.839382,E4:02:B8:34:EC:F3,-48,1711218591.8393986
2024-03-23 18:29:51.839382,E9:71:D6:A6:52:19,-64,1711218591.8393986
2024-03-23 18:29:51.839382,FA:A5:6E:E8:3D:9C,-66,1711218591.8393986
2024-03-23 18:29:52.756873,EE:93:45:01:28:95,-70,1711218592.7568932
2024-03-23 18:29:52.756873,D7:AB:60:ED:B3:66,-63,1711218592.7568932
2024-03-23 18:29:52.756873,E4:02:B8:34:EC:F3,-51,1711218592.7568932
2024-03-23 18:29:52.756873,E9:71:D6:A6:52:19,-70,1711218592.7568932
2024-03-23 18:29:53.392507,FA:A5:6E:E8:3D:9C,-63,1711218593.3925283
2024-03-23 18:29:53.392507,EE:93:45:01:28:95,-66,1711218593.3925283
2024-03-23 18:29:53.392507,D7:AB:60:ED:B3:66,-69,1711218593.3925283
2024-03-23 18:29:53.392507,F3:B0:D4:A4:42:E0,-70,1711218593.3925283
2024-03-23 18:29:54.076459,E4:02:B8:34:EC:F3,-48,1711218594.0764802
2024-03-23 18:29:54.076459,E9:71:D6:A6:52:19,-58,1711218594.0764802
2024-03-23 18:29:54.076459,FA:A5:6E:E8:3D:9C,-64,1711218594.0764802
2024-03-23 18:29:54.076459,EE:93:45:01:28:95,-80,1711218594.0764802
2024-03-23 18:29:54.852881,F3:B0:D4:A4:42:E0,-71,1711218594.852899
2024-03-23 18:29:54.852881,E4:02:B8:34:EC:F3,-56,1711218594.852899
2024-03-23 18:29:54.852881,E9:71:D6:A6:52:19,-68,1711218594.852899
2024-03-23 18:29:54.852881,FA:A5:6E:E8:3D:9C,-71,1711218594.852899
2024-03-23 18:29:55.689697,EE:93:45:01:28:95,-68,1711218595.6897173
2024-03-23 18:29:55.689697,D7:AB:60:ED:B3:66,-62,1711218595.6897173
2024-03-23 18:29:55.689697,F3:B0:D4:A4:42:E0,-64,1711218595.6897173
2024-03-23 18:29:55.689697,E4:02:B8:34:EC:F3,-58,1711218595.6897173
2024-03-23 18:29:56.161460,E9:71:D6:A6:52:19,-53,1711218596.1614792
2024-03-23 18:29:56.161460,FA:A5:6E:E8:3D:9C,-64,1711218596.1614792
2024-03-23 18:29:56.161460,EE:93:45:01:28:95,-70,1711218596.1614792
2024-03-23 18:29:56.161460,D7:AB:60:ED:B3:66,-62,1711218596.1614792
2024-03-23 18:29:56.866961,F3:B0:D4:A4:42:E0,-61,1711218596.8669832
2024-03-23 18:29:56.866961,E4:02:B8:34:EC:F3,-48,1711218596.8669832
2024-03-23 18:29:56.866961,E9:71:D6:A6:52:19,-57,1711218596.8669832
2024-03-23 18:29:56.866961,FA:A5:6E:E8:3D:9C,-67,1711218596.8669832
2024-03-23 18:29:57.789517,EE:93:45:01:28:95,-67,1711218597.7895372
2024-03-23 18:29:57.789517,D7:AB:60:ED:B3:66,-65,1711218597.7895372
2024-03-23 18:29:57.789517,F3:B0:D4:A4:42:E0,-52,1711218597.7895372
2024-03-23 18:29:57.789517,E9:71:D6:A6:52:19,-67,1711218597.7895372
2024-03-23 18:29:58.403601,FA:A5:6E:E8:3D:9C,-71,1711218598.403623
2024-03-23 18:29:58.403601,EE:93:45:01:28:95,-68,1711218598.403623
2024-03-23 18:29:58.403601,D7:AB:60:ED:B3:66,-68,1711218598.403623
2024-03-23 18:29:58.403601,F3:B0:D4:A4:42:E0,-59,1711218598.403623
2024-03-23 18:29:59.101469,E4:02:B8:34:EC:F3,-51,1711218599.1014886
2024-03-23 18:29:59.101469,E9:71:D6:A6:52:19,-51,1711218599.1014886
2024-03-23 18:29:59.101469,FA:A5:6E:E8:3D:9C,-70,1711218599.1014886
2024-03-23 18:29:59.101469,EE:93:45:01:28:95,-67,1711218599.1014886
2024-03-23 18:29:59.877480,D7:AB:60:ED:B3:66,-60,1711218599.8774996
2024-03-23 18:29:59.877480,F3:B0:D4:A4:42:E0,-65,1711218599.8774996
2024-03-23 18:29:59.877480,E4:02:B8:34:EC:F3,-54,1711218599.8774996
2024-03-23 18:29:59.877480,FA:A5:6E:E8:3D:9C,-65,1711218599.8774996
2024-03-23 18:30:00.876189,EE:93:45:01:28:95,-79,1711218600.876207
2024-03-23 18:30:00.876189,E4:02:B8:34:EC:F3,-53,1711218600.876207
2024-03-23 18:30:00.876189,E9:71:D6:A6:52:19,-58,1711218600.876207
2024-03-23 18:30:00.876189,FA:A5:6E:E8:3D:9C,-69,1711218600.876207
2024-03-23 18:30:01.720684,EE:93:45:01:28:95,-69,1711218601.7207115
2024-03-23 18:30:01.720684,D7:AB:60:ED:B3:66,-66,1711218601.7207115
2024-03-23 18:30:01.720684,F3:B0:D4:A4:42:E0,-62,1711218601.7207115
2024-03-23 18:30:01.720684,E4:02:B8:34:EC:F3,-48,1711218601.7207115
2024-03-23 18:30:02.177025,E9:71:D6:A6:52:19,-53,1711218602.1770444
2024-03-23 18:30:02.177025,FA:A5:6E:E8:3D:9C,-57,1711218602.1770444
2024-03-23 18:30:02.177025,EE:93:45:01:28:95,-63,1711218602.1770444
2024-03-23 18:30:02.177025,D7:AB:60:ED:B3:66,-70,1711218602.1770444
2024-03-23 18:30:02.888421,F3:B0:D4:A4:42:E0,-58,1711218602.8884423
2024-03-23 18:30:02.888421,E4:02:B8:34:EC:F3,-57,1711218602.8884423
2024-03-23 18:30:02.888421,E9:71:D6:A6:52:19,-59,1711218602.8884423
2024-03-23 18:30:02.888421,FA:A5:6E:E8:3D:9C,-71,1711218602.8884423
2024-03-23 18:30:03.734810,EE:93:45:01:28:95,-66,1711218603.7348282
2024-03-23 18:30:03.734810,D7:AB:60:ED:B3:66,-66,1711218603.7348282
2024-03-23 18:30:03.734810,F3:B0:D4:A4:42:E0,-58,1711218603.7348282
2024-03-23 18:30:03.734810,E4:02:B8:34:EC:F3,-60,1711218603.7348282
2024-03-23 18:30:04.420024,E9:71:D6:A6:52:19,-52,1711218604.4200516
2024-03-23 18:30:04.420024,FA:A5:6E:E8:3D:9C,-80,1711218604.4200516
2024-03-23 18:30:04.420024,D7:AB:60:ED:B3:66,-59,1711218604.4200516
2024-03-23 18:30:04.420024,F3:B0:D4:A4:42:E0,-64,1711218604.4200516
2024-03-23 18:30:05.183500,E9:71:D6:A6:52:19,-51,1711218605.1835814
2024-03-23 18:30:05.183500,FA:A5:6E:E8:3D:9C,-57,1711218605.1835814
2024-03-23 18:30:05.183500,EE:93:45:01:28:95,-63,1711218605.1835814
2024-03-23 18:30:05.183500,D7:AB:60:ED:B3:66,-69,1711218605.1835814
2024-03-23 18:30:06.192834,E4:02:B8:34:EC:F3,-56,1711218606.1928518
2024-03-23 18:30:06.192834,E9:71:D6:A6:52:19,-56,1711218606.1928518
2024-03-23 18:30:06.192834,EE:93:45:01:28:95,-75,1711218606.1928518
2024-03-23 18:30:06.192834,D7:AB:60:ED:B3:66,-70,1711218606.1928518
2024-03-23 18:30:07.133012,F3:B0:D4:A4:42:E0,-69,1711218607.1330333
2024-03-23 18:30:07.133012,E4:02:B8:34:EC:F3,-56,1711218607.1330333
2024-03-23 18:30:07.133012,FA:A5:6E:E8:3D:9C,-64,1711218607.1330333
2024-03-23 18:30:07.133012,EE:93:45:01:28:95,-69,1711218607.1330333
2024-03-23 18:30:07.852849,D7:AB:60:ED:B3:66,-64,1711218607.8528705
2024-03-23 18:30:07.852849,F3:B0:D4:A4:42:E0,-65,1711218607.8528705
2024-03-23 18:30:07.852849,E4:02:B8:34:EC:F3,-52,1711218607.8528705
2024-03-23 18:30:07.852849,E9:71:D6:A6:52:19,-57,1711218607.8528705
2024-03-23 18:30:08.448516,FA:A5:6E:E8:3D:9C,-61,1711218608.4485323
2024-03-23 18:30:08.448516,EE:93:45:01:28:95,-68,1711218608.4485323
2024-03-23 18:30:08.448516,D7:AB:60:ED:B3:66,-65,1711218608.4485323
2024-03-23 18:30:08.448516,F3:B0:D4:A4:42:E0,-61,1711218608.4485323
2024-03-23 18:30:09.448552,FA:A5:6E:E8:3D:9C,-61,1711218609.4485703
2024-03-23 18:30:09.448552,EE:93:45:01:28:95,-63,1711218609.4485703
2024-03-23 18:30:09.448552,D7:AB:60:ED:B3:66,-65,1711218609.4485703
2024-03-23 18:30:09.448552,F3:B0:D4:A4:42:E0,-66,1711218609.4485703
2024-03-23 18:30:10.141081,E4:02:B8:34:EC:F3,-58,1711218610.1411
2024-03-23 18:30:10.141081,E9:71:D6:A6:52:19,-51,1711218610.1411
2024-03-23 18:30:10.141081,FA:A5:6E:E8:3D:9C,-61,1711218610.1411
2024-03-23 18:30:10.141081,EE:93:45:01:28:95,-78,1711218610.1411
2024-03-23 18:30:10.876844,D7:AB:60:ED:B3:66,-66,1711218610.8768644
2024-03-23 18:30:10.876844,F3:B0:D4:A4:42:E0,-67,1711218610.8768644
2024-03-23 18:30:10.876844,E4:02:B8:34:EC:F3,-51,1711218610.8768644
2024-03-23 18:30:10.876844,E9:71:D6:A6:52:19,-53,1711218610.8768644
2024-03-23 18:30:11.755137,EE:93:45:01:28:95,-67,1711218611.755158
2024-03-23 18:30:11.755137,D7:AB:60:ED:B3:66,-64,1711218611.755158
2024-03-23 18:30:11.755137,F3:B0:D4:A4:42:E0,-67,1711218611.755158
2024-03-23 18:30:11.755137,E4:02:B8:34:EC:F3,-58,1711218611.755158
2024-03-23 18:30:12.464753,FA:A5:6E:E8:3D:9C,-65,1711218612.464775
2024-03-23 18:30:12.464753,EE:93:45:01:28:95,-64,1711218612.464775
2024-03-23 18:30:12.464753,D7:AB:60:ED:B3:66,-65,1711218612.464775
2024-03-23 18:30:12.464753,F3:B0:D4:A4:42:E0,-59,1711218612.464775
2024-03-23 18:30:13.234821,E4:02:B8:34:EC:F3,-59,1711218613.2348409
2024-03-23 18:30:13.234821,FA:A5:6E:E8:3D:9C,-65,1711218613.2348409
2024-03-23 18:30:13.234821,EE:93:45:01:28:95,-77,1711218613.2348409
2024-03-23 18:30:13.234821,D7:AB:60:ED:B3:66,-65,1711218613.2348409
2024-03-23 18:30:13.934049,F3:B0:D4:A4:42:E0,-65,1711218613.9340649
2024-03-23 18:30:13.934049,E4:02:B8:34:EC:F3,-53,1711218613.9340649
2024-03-23 18:30:13.934049,E9:71:D6:A6:52:19,-53,1711218613.9340649
2024-03-23 18:30:13.934049,FA:A5:6E:E8:3D:9C,-60,1711218613.9340649
2024-03-23 18:30:14.901794,EE:93:45:01:28:95,-76,1711218614.9018137
2024-03-23 18:30:14.901794,F3:B0:D4:A4:42:E0,-63,1711218614.9018137
2024-03-23 18:30:14.901794,E4:02:B8:34:EC:F3,-51,1711218614.9018137
2024-03-23 18:30:14.901794,E9:71:D6:A6:52:19,-57,1711218614.9018137
2024-03-23 18:30:15.778687,FA:A5:6E:E8:3D:9C,-63,1711218615.7787066
2024-03-23 18:30:15.778687,EE:93:45:01:28:95,-66,1711218615.7787066
2024-03-23 18:30:15.778687,D7:AB:60:ED:B3:66,-64,1711218615.7787066
2024-03-23 18:30:15.778687,E4:02:B8:34:EC:F3,-57,1711218615.7787066
2024-03-23 18:30:16.243988,E9:71:D6:A6:52:19,-58,1711218616.2440104
2024-03-23 18:30:16.243988,FA:A5:6E:E8:3D:9C,-71,1711218616.2440104
2024-03-23 18:30:16.243988,EE:93:45:01:28:95,-67,1711218616.2440104
2024-03-23 18:30:16.243988,D7:AB:60:ED:B3:66,-69,1711218616.2440104
2024-03-23 18:30:16.948358,F3:B0:D4:A4:42:E0,-68,1711218616.9483874
2024-03-23 18:30:16.948358,E4:02:B8:34:EC:F3,-73,1711218616.9483874
2024-03-23 18:30:16.948358,E9:71:D6:A6:52:19,-54,1711218616.9483874
2024-03-23 18:30:16.948358,FA:A5:6E:E8:3D:9C,-65,1711218616.9483874
2024-03-23 18:30:17.783790,EE:93:45:01:28:95,-68,1711218617.7838128
2024-03-23 18:30:17.783790,D7:AB:60:ED:B3:66,-66,1711218617.7838128
2024-03-23 18:30:17.783790,F3:B0:D4:A4:42:E0,-52,1711218617.7838128
2024-03-23 18:30:17.783790,E4:02:B8:34:EC:F3,-51,1711218617.7838128
2024-03-23 18:30:18.253843,E9:71:D6:A6:52:19,-60,1711218618.2538624
2024-03-23 18:30:18.253843,FA:A5:6E:E8:3D:9C,-64,1711218618.2538624
2024-03-23 18:30:18.253843,EE:93:45:01:28:95,-67,1711218618.2538624
2024-03-23 18:30:18.253843,D7:AB:60:ED:B3:66,-66,1711218618.2538624
2024-03-23 18:30:18.956702,F3:B0:D4:A4:42:E0,-61,1711218618.9567246
2024-03-23 18:30:18.956702,E4:02:B8:34:EC:F3,-65,1711218618.9567246
2024-03-23 18:30:18.956702,E9:71:D6:A6:52:19,-51,1711218618.9567246
2024-03-23 18:30:18.956702,FA:A5:6E:E8:3D:9C,-59,1711218618.9567246
2024-03-23 18:30:19.788896,EE:93:45:01:28:95,-75,1711218619.7889175
2024-03-23 18:30:19.788896,D7:AB:60:ED:B3:66,-69,1711218619.7889175
2024-03-23 18:30:19.788896,F3:B0:D4:A4:42:E0,-58,1711218619.7889175
2024-03-23 18:30:19.788896,E4:02:B8:34:EC:F3,-69,1711218619.7889175
2024-03-23 18:30:20.261729,E9:71:D6:A6:52:19,-76,1711218620.2617493
2024-03-23 18:30:20.261729,FA:A5:6E:E8:3D:9C,-70,1711218620.2617493
2024-03-23 18:30:20.261729,EE:93:45:01:28:95,-70,1711218620.2617493
2024-03-23 18:30:20.261729,D7:AB:60:ED:B3:66,-70,1711218620.2617493
2024-03-23 18:30:20.966742,F3:B0:D4:A4:42:E0,-58,1711218620.9667616
2024-03-23 18:30:20.966742,E4:02:B8:34:EC:F3,-51,1711218620.9667616
2024-03-23 18:30:20.966742,E9:71:D6:A6:52:19,-47,1711218620.9667616
2024-03-23 18:30:20.966742,FA:A5:6E:E8:3D:9C,-62,1711218620.9667616
2024-03-23 18:30:21.796814,EE:93:45:01:28:95,-81,1711218621.7968347
2024-03-23 18:30:21.796814,D7:AB:60:ED:B3:66,-63,1711218621.7968347
2024-03-23 18:30:21.796814,F3:B0:D4:A4:42:E0,-57,1711218621.7968347
2024-03-23 18:30:21.796814,E4:02:B8:34:EC:F3,-52,1711218621.7968347
2024-03-23 18:30:22.510728,E9:71:D6:A6:52:19,-50,1711218622.5107472
2024-03-23 18:30:22.510728,FA:A5:6E:E8:3D:9C,-66,1711218622.5107472
2024-03-23 18:30:22.510728,D7:AB:60:ED:B3:66,-68,1711218622.5107472
2024-03-23 18:30:22.510728,F3:B0:D4:A4:42:E0,-55,1711218622.5107472
2024-03-23 18:30:23.328165,E4:02:B8:34:EC:F3,-48,1711218623.328185
2024-03-23 18:30:23.328165,E9:71:D6:A6:52:19,-62,1711218623.328185
2024-03-23 18:30:23.328165,FA:A5:6E:E8:3D:9C,-57,1711218623.328185
2024-03-23 18:30:23.328165,D7:AB:60:ED:B3:66,-64,1711218623.328185
2024-03-23 18:30:24.285662,E9:71:D6:A6:52:19,-54,1711218624.285683
2024-03-23 18:30:24.285662,FA:A5:6E:E8:3D:9C,-67,1711218624.285683
2024-03-23 18:30:24.285662,EE:93:45:01:28:95,-76,1711218624.285683
2024-03-23 18:30:24.285662,D7:AB:60:ED:B3:66,-68,1711218624.285683
2024-03-23 18:30:24.992209,F3:B0:D4:A4:42:E0,-52,1711218624.9922273
2024-03-23 18:30:24.992209,E4:02:B8:34:EC:F3,-61,1711218624.9922273
2024-03-23 18:30:24.992209,E9:71:D6:A6:52:19,-57,1711218624.9922273
2024-03-23 18:30:24.992209,FA:A5:6E:E8:3D:9C,-71,1711218624.9922273
2024-03-23 18:30:25.931865,EE:93:45:01:28:95,-66,1711218625.9318857
2024-03-23 18:30:25.931865,D7:AB:60:ED:B3:66,-61,1711218625.9318857
2024-03-23 18:30:25.931865,E4:02:B8:34:EC:F3,-50,1711218625.9318857
2024-03-23 18:30:25.931865,E9:71:D6:A6:52:19,-57,1711218625.9318857
2024-03-23 18:30:26.936741,FA:A5:6E:E8:3D:9C,-63,1711218626.9367638
2024-03-23 18:30:26.936741,D7:AB:60:ED:B3:66,-74,1711218626.9367638
2024-03-23 18:30:26.936741,F3:B0:D4:A4:42:E0,-58,1711218626.9367638
2024-03-23 18:30:26.936741,E9:71:D6:A6:52:19,-52,1711218626.9367638
2024-03-23 18:30:27.533635,FA:A5:6E:E8:3D:9C,-69,1711218627.5336542
2024-03-23 18:30:27.533635,EE:93:45:01:28:95,-72,1711218627.5336542
2024-03-23 18:30:27.533635,D7:AB:60:ED:B3:66,-64,1711218627.5336542
2024-03-23 18:30:27.533635,F3:B0:D4:A4:42:E0,-69,1711218627.5336542
2024-03-23 18:30:28.226720,E4:02:B8:34:EC:F3,-48,1711218628.2267406
2024-03-23 18:30:28.226720,E9:71:D6:A6:52:19,-62,1711218628.2267406
2024-03-23 18:30:28.226720,FA:A5:6E:E8:3D:9C,-65,1711218628.2267406
2024-03-23 18:30:28.226720,EE:93:45:01:28:95,-75,1711218628.2267406
2024-03-23 18:30:28.954783,D7:AB:60:ED:B3:66,-69,1711218628.9548032
2024-03-23 18:30:28.954783,F3:B0:D4:A4:42:E0,-62,1711218628.9548032
2024-03-23 18:30:28.954783,E4:02:B8:34:EC:F3,-43,1711218628.9548032
2024-03-23 18:30:28.954783,E9:71:D6:A6:52:19,-65,1711218628.9548032
2024-03-23 18:30:29.833737,FA:A5:6E:E8:3D:9C,-63,1711218629.8337564
2024-03-23 18:30:29.833737,EE:93:45:01:28:95,-70,1711218629.8337564
2024-03-23 18:30:29.833737,F3:B0:D4:A4:42:E0,-52,1711218629.8337564
2024-03-23 18:30:29.833737,E4:02:B8:34:EC:F3,-44,1711218629.8337564
2024-03-23 18:30:30.306969,E9:71:D6:A6:52:19,-79,1711218630.3069882
2024-03-23 18:30:30.306969,FA:A5:6E:E8:3D:9C,-62,1711218630.3069882
2024-03-23 18:30:30.306969,EE:93:45:01:28:95,-68,1711218630.3069882
2024-03-23 18:30:30.306969,D7:AB:60:ED:B3:66,-71,1711218630.3069882
2024-03-23 18:30:31.245704,F3:B0:D4:A4:42:E0,-54,1711218631.2457228
2024-03-23 18:30:31.245704,E4:02:B8:34:EC:F3,-48,1711218631.2457228
2024-03-23 18:30:31.245704,E9:71:D6:A6:52:19,-52,1711218631.2457228
2024-03-23 18:30:31.245704,EE:93:45:01:28:95,-66,1711218631.2457228
2024-03-23 18:30:31.966911,D7:AB:60:ED:B3:66,-67,1711218631.9669294
2024-03-23 18:30:31.966911,F3:B0:D4:A4:42:E0,-56,1711218631.9669294
2024-03-23 18:30:31.966911,E4:02:B8:34:EC:F3,-45,1711218631.9669294
2024-03-23 18:30:31.966911,E9:71:D6:A6:52:19,-53,1711218631.9669294
2024-03-23 18:30:32.968051,FA:A5:6E:E8:3D:9C,-71,1711218632.9680705
2024-03-23 18:30:32.968051,F3:B0:D4:A4:42:E0,-52,1711218632.9680705
2024-03-23 18:30:32.968051,E4:02:B8:34:EC:F3,-43,1711218632.9680705
2024-03-23 18:30:32.968051,E9:71:D6:A6:52:19,-67,1711218632.9680705
2024-03-23 18:30:33.858611,EE:93:45:01:28:95,-66,1711218633.8586311
2024-03-23 18:30:33.858611,D7:AB:60:ED:B3:66,-65,1711218633.8586311
2024-03-23 18:30:33.858611,F3:B0:D4:A4:42:E0,-62,1711218633.8586311
2024-03-23 18:30:33.858611,E4:02:B8:34:EC:F3,-44,1711218633.8586311
2024-03-23 18:30:34.330638,E9:71:D6:A6:52:19,-61,1711218634.330657
2024-03-23 18:30:34.330638,FA:A5:6E:E8:3D:9C,-66,1711218634.330657
2024-03-23 18:30:34.330638,EE:93:45:01:28:95,-67,1711218634.330657
2024-03-23 18:30:34.330638,D7:AB:60:ED:B3:66,-69,1711218634.330657
2024-03-23 18:30:35.021235,F3:B0:D4:A4:42:E0,-52,1711218635.0212626
2024-03-23 18:30:35.021235,E4:02:B8:34:EC:F3,-47,1711218635.0212626
2024-03-23 18:30:35.021235,E9:71:D6:A6:52:19,-70,1711218635.0212626
2024-03-23 18:30:35.021235,FA:A5:6E:E8:3D:9C,-72,1711218635.0212626
2024-03-23 18:30:36.023812,EE:93:45:01:28:95,-67,1711218636.023833
2024-03-23 18:30:36.023812,D7:AB:60:ED:B3:66,-76,1711218636.023833
2024-03-23 18:30:36.023812,E4:02:B8:34:EC:F3,-48,1711218636.023833
2024-03-23 18:30:36.023812,FA:A5:6E:E8:3D:9C,-78,1711218636.023833
2024-03-23 18:30:36.995849,EE:93:45:01:28:95,-68,1711218636.9958694
2024-03-23 18:30:36.995849,F3:B0:D4:A4:42:E0,-58,1711218636.9958694
2024-03-23 18:30:36.995849,E4:02:B8:34:EC:F3,-44,1711218636.9958694
2024-03-23 18:30:36.995849,E9:71:D6:A6:52:19,-58,1711218636.9958694
2024-03-23 18:30:37.871636,FA:A5:6E:E8:3D:9C,-75,1711218637.8716593
2024-03-23 18:30:37.871636,EE:93:45:01:28:95,-69,1711218637.8716593
2024-03-23 18:30:37.871636,F3:B0:D4:A4:42:E0,-60,1711218637.8716593
2024-03-23 18:30:37.871636,E4:02:B8:34:EC:F3,-44,1711218637.8716593
2024-03-23 18:30:38.591574,E9:71:D6:A6:52:19,-61,1711218638.5915964
2024-03-23 18:30:38.591574,EE:93:45:01:28:95,-76,1711218638.5915964
2024-03-23 18:30:38.591574,D7:AB:60:ED:B3:66,-75,1711218638.5915964
2024-03-23 18:30:38.591574,F3:B0:D4:A4:42:E0,-64,1711218638.5915964
2024-03-23 18:30:39.349772,E4:02:B8:34:EC:F3,-52,1711218639.349789
2024-03-23 18:30:39.349772,E9:71:D6:A6:52:19,-62,1711218639.349789
2024-03-23 18:30:39.349772,EE:93:45:01:28:95,-64,1711218639.349789
2024-03-23 18:30:39.349772,D7:AB:60:ED:B3:66,-65,1711218639.349789
2024-03-23 18:30:40.044823,F3:B0:D4:A4:42:E0,-55,1711218640.0448425
2024-03-23 18:30:40.044823,E4:02:B8:34:EC:F3,-43,1711218640.0448425
2024-03-23 18:30:40.044823,E9:71:D6:A6:52:19,-80,1711218640.0448425
2024-03-23 18:30:40.044823,FA:A5:6E:E8:3D:9C,-62,1711218640.0448425
2024-03-23 18:30:41.044754,F3:B0:D4:A4:42:E0,-63,1711218641.044773
2024-03-23 18:30:41.044754,E4:02:B8:34:EC:F3,-50,1711218641.044773
2024-03-23 18:30:41.044754,E9:71:D6:A6:52:19,-56,1711218641.044773
2024-03-23 18:30:41.044754,FA:A5:6E:E8:3D:9C,-64,1711218641.044773
2024-03-23 18:30:41.901751,EE:93:45:01:28:95,-71,1711218641.9017715
2024-03-23 18:30:41.901751,D7:AB:60:ED:B3:66,-63,1711218641.9017715
2024-03-23 18:30:41.901751,F3:B0:D4:A4:42:E0,-65,1711218641.9017715
2024-03-23 18:30:41.901751,E4:02:B8:34:EC:F3,-48,1711218641.9017715
2024-03-23 18:30:42.363994,E9:71:D6:A6:52:19,-61,1711218642.364014
2024-03-23 18:30:42.363994,FA:A5:6E:E8:3D:9C,-66,1711218642.364014
2024-03-23 18:30:42.363994,EE:93:45:01:28:95,-68,1711218642.364014
2024-03-23 18:30:42.363994,D7:AB:60:ED:B3:66,-64,1711218642.364014
2024-03-23 18:30:43.050434,F3:B0:D4:A4:42:E0,-62,1711218643.050454
2024-03-23 18:30:43.050434,E4:02:B8:34:EC:F3,-51,1711218643.050454
2024-03-23 18:30:43.050434,E9:71:D6:A6:52:19,-60,1711218643.050454
2024-03-23 18:30:43.050434,FA:A5:6E:E8:3D:9C,-60,1711218643.050454
2024-03-23 18:30:43.912460,EE:93:45:01:28:95,-74,1711218643.9124813
2024-03-23 18:30:43.912460,D7:AB:60:ED:B3:66,-62,1711218643.9124813
2024-03-23 18:30:43.912460,F3:B0:D4:A4:42:E0,-59,1711218643.9124813
2024-03-23 18:30:43.912460,E4:02:B8:34:EC:F3,-52,1711218643.9124813
2024-03-23 18:30:44.373763,E9:71:D6:A6:52:19,-62,1711218644.3737812
2024-03-23 18:30:44.373763,FA:A5:6E:E8:3D:9C,-69,1711218644.3737812
2024-03-23 18:30:44.373763,EE:93:45:01:28:95,-64,1711218644.3737812
2024-03-23 18:30:44.373763,D7:AB:60:ED:B3:66,-62,1711218644.3737812
2024-03-23 18:30:45.059740,F3:B0:D4:A4:42:E0,-62,1711218645.059761
2024-03-23 18:30:45.059740,E4:02:B8:34:EC:F3,-50,1711218645.059761
2024-03-23 18:30:45.059740,E9:71:D6:A6:52:19,-62,1711218645.059761
2024-03-23 18:30:45.059740,FA:A5:6E:E8:3D:9C,-73,1711218645.059761
2024-03-23 18:30:46.067204,EE:93:45:01:28:95,-69,1711218646.0672224
2024-03-23 18:30:46.067204,D7:AB:60:ED:B3:66,-63,1711218646.0672224
2024-03-23 18:30:46.067204,E9:71:D6:A6:52:19,-61,1711218646.0672224
2024-03-23 18:30:46.067204,FA:A5:6E:E8:3D:9C,-76,1711218646.0672224
2024-03-23 18:30:46.932476,EE:93:45:01:28:95,-69,1711218646.9324965
2024-03-23 18:30:46.932476,D7:AB:60:ED:B3:66,-63,1711218646.9324965
2024-03-23 18:30:46.932476,F3:B0:D4:A4:42:E0,-60,1711218646.9324965
2024-03-23 18:30:46.932476,E4:02:B8:34:EC:F3,-48,1711218646.9324965
2024-03-23 18:30:47.431025,E9:71:D6:A6:52:19,-61,1711218647.4310455
2024-03-23 18:30:47.431025,FA:A5:6E:E8:3D:9C,-70,1711218647.4310455
2024-03-23 18:30:47.431025,EE:93:45:01:28:95,-74,1711218647.4310455
2024-03-23 18:30:47.431025,D7:AB:60:ED:B3:66,-64,1711218647.4310455
2024-03-23 18:30:48.328516,E4:02:B8:34:EC:F3,-51,1711218648.3285372
2024-03-23 18:30:48.328516,E9:71:D6:A6:52:19,-61,1711218648.3285372
2024-03-23 18:30:48.328516,FA:A5:6E:E8:3D:9C,-56,1711218648.3285372
2024-03-23 18:30:48.328516,EE:93:45:01:28:95,-63,1711218648.3285372
2024-03-23 18:30:49.082623,D7:AB:60:ED:B3:66,-63,1711218649.082644
2024-03-23 18:30:49.082623,F3:B0:D4:A4:42:E0,-61,1711218649.082644
2024-03-23 18:30:49.082623,E4:02:B8:34:EC:F3,-51,1711218649.082644
2024-03-23 18:30:49.082623,FA:A5:6E:E8:3D:9C,-70,1711218649.082644
2024-03-23 18:30:49.942510,EE:93:45:01:28:95,-61,1711218649.9425316
2024-03-23 18:30:49.942510,D7:AB:60:ED:B3:66,-63,1711218649.9425316
2024-03-23 18:30:49.942510,F3:B0:D4:A4:42:E0,-62,1711218649.9425316
2024-03-23 18:30:49.942510,E4:02:B8:34:EC:F3,-51,1711218649.9425316
2024-03-23 18:30:50.404540,E9:71:D6:A6:52:19,-60,1711218650.404562
2024-03-23 18:30:50.404540,FA:A5:6E:E8:3D:9C,-68,1711218650.404562
2024-03-23 18:30:50.404540,EE:93:45:01:28:95,-69,1711218650.404562
2024-03-23 18:30:50.404540,D7:AB:60:ED:B3:66,-63,1711218650.404562
2024-03-23 18:30:51.090845,F3:B0:D4:A4:42:E0,-62,1711218651.090864
2024-03-23 18:30:51.090845,E4:02:B8:34:EC:F3,-50,1711218651.090864
2024-03-23 18:30:51.090845,E9:71:D6:A6:52:19,-60,1711218651.090864
2024-03-23 18:30:51.090845,FA:A5:6E:E8:3D:9C,-78,1711218651.090864
2024-03-23 18:30:52.067884,D7:AB:60:ED:B3:66,-64,1711218652.0679054
2024-03-23 18:30:52.067884,F3:B0:D4:A4:42:E0,-60,1711218652.0679054
2024-03-23 18:30:52.067884,E4:02:B8:34:EC:F3,-49,1711218652.0679054
2024-03-23 18:30:52.067884,E9:71:D6:A6:52:19,-59,1711218652.0679054
2024-03-23 18:30:52.656026,FA:A5:6E:E8:3D:9C,-62,1711218652.6560466
2024-03-23 18:30:52.656026,EE:93:45:01:28:95,-63,1711218652.6560466
2024-03-23 18:30:52.656026,D7:AB:60:ED:B3:66,-66,1711218652.6560466
2024-03-23 18:30:52.656026,F3:B0:D4:A4:42:E0,-61,1711218652.6560466
2024-03-23 18:30:53.353460,E4:02:B8:34:EC:F3,-48,1711218653.3534791
2024-03-23 18:30:53.353460,E9:71:D6:A6:52:19,-56,1711218653.3534791
2024-03-23 18:30:53.353460,FA:A5:6E:E8:3D:9C,-70,1711218653.3534791
2024-03-23 18:30:53.353460,EE:93:45:01:28:95,-62,1711218653.3534791
2024-03-23 18:30:54.097670,D7:AB:60:ED:B3:66,-64,1711218654.0976872
2024-03-23 18:30:54.097670,F3:B0:D4:A4:42:E0,-64,1711218654.0976872
2024-03-23 18:30:54.097670,E4:02:B8:34:EC:F3,-48,1711218654.0976872
2024-03-23 18:30:54.097670,E9:71:D6:A6:52:19,-57,1711218654.0976872
2024-03-23 18:30:55.087699,FA:A5:6E:E8:3D:9C,-70,1711218655.0877218
2024-03-23 18:30:55.087699,F3:B0:D4:A4:42:E0,-66,1711218655.0877218
2024-03-23 18:30:55.087699,E4:02:B8:34:EC:F3,-48,1711218655.0877218
2024-03-23 18:30:55.087699,E9:71:D6:A6:52:19,-57,1711218655.0877218
2024-03-23 18:30:55.975602,EE:93:45:01:28:95,-66,1711218655.975623
2024-03-23 18:30:55.975602,D7:AB:60:ED:B3:66,-76,1711218655.975623
2024-03-23 18:30:55.975602,F3:B0:D4:A4:42:E0,-64,1711218655.975623
2024-03-23 18:30:55.975602,E4:02:B8:34:EC:F3,-57,1711218655.975623
2024-03-23 18:30:56.444412,E9:71:D6:A6:52:19,-53,1711218656.4444344
2024-03-23 18:30:56.444412,FA:A5:6E:E8:3D:9C,-68,1711218656.4444344
2024-03-23 18:30:56.444412,EE:93:45:01:28:95,-66,1711218656.4444344
2024-03-23 18:30:56.444412,D7:AB:60:ED:B3:66,-64,1711218656.4444344
2024-03-23 18:30:57.123047,F3:B0:D4:A4:42:E0,-65,1711218657.1230664
2024-03-23 18:30:57.123047,E4:02:B8:34:EC:F3,-52,1711218657.1230664
2024-03-23 18:30:57.123047,E9:71:D6:A6:52:19,-70,1711218657.1230664
2024-03-23 18:30:57.123047,FA:A5:6E:E8:3D:9C,-68,1711218657.1230664
2024-03-23 18:30:57.983741,EE:93:45:01:28:95,-65,1711218657.983762
2024-03-23 18:30:57.983741,D7:AB:60:ED:B3:66,-69,1711218657.983762
2024-03-23 18:30:57.983741,F3:B0:D4:A4:42:E0,-63,1711218657.983762
2024-03-23 18:30:57.983741,E4:02:B8:34:EC:F3,-48,1711218657.983762
2024-03-23 18:30:58.456851,E9:71:D6:A6:52:19,-58,1711218658.4568694
2024-03-23 18:30:58.456851,FA:A5:6E:E8:3D:9C,-79,1711218658.4568694
2024-03-23 18:30:58.456851,EE:93:45:01:28:95,-61,1711218658.4568694
2024-03-23 18:30:58.456851,D7:AB:60:ED:B3:66,-64,1711218658.4568694
2024-03-23 18:30:59.131609,F3:B0:D4:A4:42:E0,-70,1711218659.1316442
2024-03-23 18:30:59.131609,E4:02:B8:34:EC:F3,-47,1711218659.1316442
2024-03-23 18:30:59.131609,E9:71:D6:A6:52:19,-51,1711218659.1316442
2024-03-23 18:30:59.131609,FA:A5:6E:E8:3D:9C,-62,1711218659.1316442
2024-03-23 18:31:00.077829,EE:93:45:01:28:95,-63,1711218660.0778487
2024-03-23 18:31:00.077829,D7:AB:60:ED:B3:66,-65,1711218660.0778487
2024-03-23 18:31:00.077829,F3:B0:D4:A4:42:E0,-52,1711218660.0778487
2024-03-23 18:31:00.077829,E4:02:B8:34:EC:F3,-52,1711218660.0778487
2024-03-23 18:31:00.466511,E9:71:D6:A6:52:19,-50,1711218660.466531
2024-03-23 18:31:00.466511,FA:A5:6E:E8:3D:9C,-73,1711218660.466531
2024-03-23 18:31:00.466511,EE:93:45:01:28:95,-63,1711218660.466531
2024-03-23 18:31:00.466511,D7:AB:60:ED:B3:66,-69,1711218660.466531
2024-03-23 18:31:01.141741,F3:B0:D4:A4:42:E0,-52,1711218661.1417623
2024-03-23 18:31:01.141741,E4:02:B8:34:EC:F3,-51,1711218661.1417623
2024-03-23 18:31:01.141741,E9:71:D6:A6:52:19,-51,1711218661.1417623
2024-03-23 18:31:01.141741,FA:A5:6E:E8:3D:9C,-63,1711218661.1417623
2024-03-23 18:31:02.001606,EE:93:45:01:28:95,-80,1711218662.0016253
2024-03-23 18:31:02.001606,D7:AB:60:ED:B3:66,-68,1711218662.0016253
2024-03-23 18:31:02.001606,F3:B0:D4:A4:42:E0,-56,1711218662.0016253
2024-03-23 18:31:02.001606,E4:02:B8:34:EC:F3,-49,1711218662.0016253
2024-03-23 18:31:02.483667,E9:71:D6:A6:52:19,-57,1711218662.4836895
2024-03-23 18:31:02.483667,FA:A5:6E:E8:3D:9C,-66,1711218662.4836895
2024-03-23 18:31:02.483667,EE:93:45:01:28:95,-78,1711218662.4836895
2024-03-23 18:31:02.483667,D7:AB:60:ED:B3:66,-71,1711218662.4836895
2024-03-23 18:31:03.153634,F3:B0:D4:A4:42:E0,-62,1711218663.153653
2024-03-23 18:31:03.153634,E4:02:B8:34:EC:F3,-49,1711218663.153653
2024-03-23 18:31:03.153634,E9:71:D6:A6:52:19,-50,1711218663.153653
2024-03-23 18:31:03.153634,FA:A5:6E:E8:3D:9C,-68,1711218663.153653
2024-03-23 18:31:04.157757,D7:AB:60:ED:B3:66,-67,1711218664.1577773
2024-03-23 18:31:04.157757,F3:B0:D4:A4:42:E0,-52,1711218664.1577773
2024-03-23 18:31:04.157757,E9:71:D6:A6:52:19,-50,1711218664.1577773
2024-03-23 18:31:04.157757,FA:A5:6E:E8:3D:9C,-70,1711218664.1577773
2024-03-23 18:31:05.017301,EE:93:45:01:28:95,-64,1711218665.0173216
2024-03-23 18:31:05.017301,D7:AB:60:ED:B3:66,-67,1711218665.0173216
2024-03-23 18:31:05.017301,F3:B0:D4:A4:42:E0,-56,1711218665.0173216
2024-03-23 18:31:05.017301,E4:02:B8:34:EC:F3,-52,1711218665.0173216
2024-03-23 18:31:05.701382,E9:71:D6:A6:52:19,-54,1711218665.701404
2024-03-23 18:31:05.701382,EE:93:45:01:28:95,-86,1711218665.701404
2024-03-23 18:31:05.701382,D7:AB:60:ED:B3:66,-60,1711218665.701404
2024-03-23 18:31:05.701382,F3:B0:D4:A4:42:E0,-54,1711218665.701404
2024-03-23 18:31:06.405494,E4:02:B8:34:EC:F3,-54,1711218666.4055166
2024-03-23 18:31:06.405494,E9:71:D6:A6:52:19,-65,1711218666.4055166
2024-03-23 18:31:06.405494,FA:A5:6E:E8:3D:9C,-69,1711218666.4055166
2024-03-23 18:31:06.405494,EE:93:45:01:28:95,-57,1711218666.4055166
2024-03-23 18:31:07.169374,F3:B0:D4:A4:42:E0,-67,1711218667.1693928
2024-03-23 18:31:07.169374,E4:02:B8:34:EC:F3,-52,1711218667.1693928
2024-03-23 18:31:07.169374,E9:71:D6:A6:52:19,-52,1711218667.1693928
2024-03-23 18:31:07.169374,FA:A5:6E:E8:3D:9C,-82,1711218667.1693928
2024-03-23 18:31:08.025366,EE:93:45:01:28:95,-64,1711218668.0253875
2024-03-23 18:31:08.025366,D7:AB:60:ED:B3:66,-60,1711218668.0253875
2024-03-23 18:31:08.025366,F3:B0:D4:A4:42:E0,-52,1711218668.0253875
2024-03-23 18:31:08.025366,E4:02:B8:34:EC:F3,-56,1711218668.0253875
2024-03-23 18:31:09.034308,EE:93:45:01:28:95,-72,1711218669.03433
2024-03-23 18:31:09.034308,D7:AB:60:ED:B3:66,-66,1711218669.03433
2024-03-23 18:31:09.034308,F3:B0:D4:A4:42:E0,-52,1711218669.03433
2024-03-23 18:31:09.034308,E4:02:B8:34:EC:F3,-58,1711218669.03433
2024-03-23 18:31:09.515098,E9:71:D6:A6:52:19,-61,1711218669.5151255
2024-03-23 18:31:09.515098,FA:A5:6E:E8:3D:9C,-68,1711218669.5151255
2024-03-23 18:31:09.515098,EE:93:45:01:28:95,-68,1711218669.5151255
2024-03-23 18:31:09.515098,D7:AB:60:ED:B3:66,-71,1711218669.5151255
2024-03-23 18:31:10.427442,F3:B0:D4:A4:42:E0,-65,1711218670.427462
2024-03-23 18:31:10.427442,E4:02:B8:34:EC:F3,-60,1711218670.427462
2024-03-23 18:31:10.427442,E9:71:D6:A6:52:19,-61,1711218670.427462
2024-03-23 18:31:10.427442,EE:93:45:01:28:95,-77,1711218670.427462
2024-03-23 18:31:11.196386,D7:AB:60:ED:B3:66,-75,1711218671.196408
2024-03-23 18:31:11.196386,F3:B0:D4:A4:42:E0,-63,1711218671.196408
2024-03-23 18:31:11.196386,E4:02:B8:34:EC:F3,-60,1711218671.196408
2024-03-23 18:31:11.196386,FA:A5:6E:E8:3D:9C,-74,1711218671.196408
2024-03-23 18:31:12.248080,EE:93:45:01:28:95,-63,1711218672.2481015
2024-03-23 18:31:12.248080,F3:B0:D4:A4:42:E0,-63,1711218672.2481015
2024-03-23 18:31:12.248080,E9:71:D6:A6:52:19,-60,1711218672.2481015
2024-03-23 18:31:12.248080,FA:A5:6E:E8:3D:9C,-70,1711218672.2481015
2024-03-23 18:31:13.046767,EE:93:45:01:28:95,-65,1711218673.0467875
2024-03-23 18:31:13.046767,D7:AB:60:ED:B3:66,-68,1711218673.0467875
2024-03-23 18:31:13.046767,F3:B0:D4:A4:42:E0,-52,1711218673.0467875
2024-03-23 18:31:13.046767,E4:02:B8:34:EC:F3,-57,1711218673.0467875
2024-03-23 18:31:13.740476,E9:71:D6:A6:52:19,-53,1711218673.7404997
2024-03-23 18:31:13.740476,FA:A5:6E:E8:3D:9C,-77,1711218673.7404997
2024-03-23 18:31:13.740476,EE:93:45:01:28:95,-70,1711218673.7404997
2024-03-23 18:31:13.740476,F3:B0:D4:A4:42:E0,-61,1711218673.7404997
2024-03-23 18:31:14.454350,E4:02:B8:34:EC:F3,-50,1711218674.454371
2024-03-23 18:31:14.454350,E9:71:D6:A6:52:19,-62,1711218674.454371
2024-03-23 18:31:14.454350,FA:A5:6E:E8:3D:9C,-61,1711218674.454371
2024-03-23 18:31:14.454350,EE:93:45:01:28:95,-70,1711218674.454371
2024-03-23 18:31:15.754300,D7:AB:60:ED:B3:66,-58,1711218675.7543206
2024-03-23 18:31:15.754300,E4:02:B8:34:EC:F3,-59,1711218675.7543206
2024-03-23 18:31:15.754300,EE:93:45:01:28:95,-78,1711218675.7543206
2024-03-23 18:31:15.754300,F3:B0:D4:A4:42:E0,-60,1711218675.7543206
2024-03-23 18:31:16.470388,E4:02:B8:34:EC:F3,-61,1711218676.4704087
2024-03-23 18:31:16.470388,E9:71:D6:A6:52:19,-48,1711218676.4704087
2024-03-23 18:31:16.470388,FA:A5:6E:E8:3D:9C,-61,1711218676.4704087
2024-03-23 18:31:16.470388,EE:93:45:01:28:95,-68,1711218676.4704087
2024-03-23 18:31:17.206758,D7:AB:60:ED:B3:66,-62,1711218677.2067811
2024-03-23 18:31:17.206758,F3:B0:D4:A4:42:E0,-56,1711218677.2067811
2024-03-23 18:31:17.206758,E4:02:B8:34:EC:F3,-68,1711218677.2067811
2024-03-23 18:31:17.206758,E9:71:D6:A6:52:19,-60,1711218677.2067811
2024-03-23 18:31:18.232665,F3:B0:D4:A4:42:E0,-61,1711218678.2326884
2024-03-23 18:31:18.232665,E4:02:B8:34:EC:F3,-51,1711218678.2326884
2024-03-23 18:31:18.232665,E9:71:D6:A6:52:19,-53,1711218678.2326884
2024-03-23 18:31:18.232665,FA:A5:6E:E8:3D:9C,-63,1711218678.2326884
2024-03-23 18:31:19.080499,EE:93:45:01:28:95,-78,1711218679.0805206
2024-03-23 18:31:19.080499,D7:AB:60:ED:B3:66,-70,1711218679.0805206
2024-03-23 18:31:19.080499,F3:B0:D4:A4:42:E0,-61,1711218679.0805206
2024-03-23 18:31:19.080499,E4:02:B8:34:EC:F3,-56,1711218679.0805206
2024-03-23 18:31:19.551826,E9:71:D6:A6:52:19,-57,1711218679.5518486
2024-03-23 18:31:19.551826,FA:A5:6E:E8:3D:9C,-73,1711218679.5518486
2024-03-23 18:31:19.551826,EE:93:45:01:28:95,-65,1711218679.5518486
2024-03-23 18:31:19.551826,D7:AB:60:ED:B3:66,-66,1711218679.5518486
2024-03-23 18:31:20.244582,F3:B0:D4:A4:42:E0,-64,1711218680.2446039
2024-03-23 18:31:20.244582,E4:02:B8:34:EC:F3,-60,1711218680.2446039
2024-03-23 18:31:20.244582,E9:71:D6:A6:52:19,-59,1711218680.2446039
2024-03-23 18:31:20.244582,FA:A5:6E:E8:3D:9C,-65,1711218680.2446039
2024-03-23 18:31:21.084506,EE:93:45:01:28:95,-70,1711218681.0845273
2024-03-23 18:31:21.084506,D7:AB:60:ED:B3:66,-61,1711218681.0845273
2024-03-23 18:31:21.084506,F3:B0:D4:A4:42:E0,-58,1711218681.0845273
2024-03-23 18:31:21.084506,E4:02:B8:34:EC:F3,-57,1711218681.0845273
2024-03-23 18:31:21.799017,E9:71:D6:A6:52:19,-57,1711218681.7990384
2024-03-23 18:31:21.799017,FA:A5:6E:E8:3D:9C,-65,1711218681.7990384
2024-03-23 18:31:21.799017,D7:AB:60:ED:B3:66,-71,1711218681.7990384
2024-03-23 18:31:21.799017,F3:B0:D4:A4:42:E0,-61,1711218681.7990384
2024-03-23 18:31:22.504649,E4:02:B8:34:EC:F3,-50,1711218682.504672
2024-03-23 18:31:22.504649,E9:71:D6:A6:52:19,-56,1711218682.504672
2024-03-23 18:31:22.504649,FA:A5:6E:E8:3D:9C,-67,1711218682.504672
2024-03-23 18:31:22.504649,EE:93:45:01:28:95,-69,1711218682.504672
2024-03-23 18:31:23.230890,D7:AB:60:ED:B3:66,-74,1711218683.23091
2024-03-23 18:31:23.230890,F3:B0:D4:A4:42:E0,-63,1711218683.23091
2024-03-23 18:31:23.230890,E4:02:B8:34:EC:F3,-48,1711218683.23091
2024-03-23 18:31:23.230890,E9:71:D6:A6:52:19,-51,1711218683.23091
2024-03-23 18:31:23.806655,FA:A5:6E:E8:3D:9C,-67,1711218683.8066745
2024-03-23 18:31:23.806655,EE:93:45:01:28:95,-69,1711218683.8066745
2024-03-23 18:31:23.806655,D7:AB:60:ED:B3:66,-60,1711218683.8066745
2024-03-23 18:31:23.806655,F3:B0:D4:A4:42:E0,-56,1711218683.8066745
2024-03-23 18:31:24.573813,E4:02:B8:34:EC:F3,-51,1711218684.573832
2024-03-23 18:31:24.573813,E9:71:D6:A6:52:19,-54,1711218684.573832
2024-03-23 18:31:24.573813,EE:93:45:01:28:95,-64,1711218684.573832
2024-03-23 18:31:24.573813,D7:AB:60:ED:B3:66,-68,1711218684.573832
2024-03-23 18:31:25.523640,F3:B0:D4:A4:42:E0,-57,1711218685.5236633
2024-03-23 18:31:25.523640,E4:02:B8:34:EC:F3,-47,1711218685.5236633
2024-03-23 18:31:25.523640,E9:71:D6:A6:52:19,-56,1711218685.5236633
2024-03-23 18:31:25.523640,EE:93:45:01:28:95,-74,1711218685.5236633
2024-03-23 18:31:26.240583,D7:AB:60:ED:B3:66,-61,1711218686.2406046
2024-03-23 18:31:26.240583,F3:B0:D4:A4:42:E0,-61,1711218686.2406046
2024-03-23 18:31:26.240583,E4:02:B8:34:EC:F3,-50,1711218686.2406046
2024-03-23 18:31:26.240583,E9:71:D6:A6:52:19,-52,1711218686.2406046
2024-03-23 18:31:27.118691,EE:93:45:01:28:95,-68,1711218687.118711
2024-03-23 18:31:27.118691,D7:AB:60:ED:B3:66,-66,1711218687.118711
2024-03-23 18:31:27.118691,F3:B0:D4:A4:42:E0,-63,1711218687.118711
2024-03-23 18:31:27.118691,E4:02:B8:34:EC:F3,-66,1711218687.118711
2024-03-23 18:31:27.590549,E9:71:D6:A6:52:19,-60,1711218687.5905695
2024-03-23 18:31:27.590549,FA:A5:6E:E8:3D:9C,-62,1711218687.5905695
2024-03-23 18:31:27.590549,EE:93:45:01:28:95,-63,1711218687.5905695
2024-03-23 18:31:27.590549,D7:AB:60:ED:B3:66,-64,1711218687.5905695
2024-03-23 18:31:28.540603,F3:B0:D4:A4:42:E0,-68,1711218688.5406256
2024-03-23 18:31:28.540603,E4:02:B8:34:EC:F3,-59,1711218688.5406256
2024-03-23 18:31:28.540603,E9:71:D6:A6:52:19,-64,1711218688.5406256
2024-03-23 18:31:28.540603,EE:93:45:01:28:95,-72,1711218688.5406256
2024-03-23 18:31:29.260963,D7:AB:60:ED:B3:66,-58,1711218689.260982
2024-03-23 18:31:29.260963,F3:B0:D4:A4:42:E0,-68,1711218689.260982
2024-03-23 18:31:29.260963,E4:02:B8:34:EC:F3,-48,1711218689.260982
2024-03-23 18:31:29.260963,E9:71:D6:A6:52:19,-64,1711218689.260982
2024-03-23 18:31:29.840598,FA:A5:6E:E8:3D:9C,-66,1711218689.8406196
2024-03-23 18:31:29.840598,EE:93:45:01:28:95,-68,1711218689.8406196
2024-03-23 18:31:29.840598,D7:AB:60:ED:B3:66,-64,1711218689.8406196
2024-03-23 18:31:29.840598,F3:B0:D4:A4:42:E0,-64,1711218689.8406196
2024-03-23 18:31:30.546499,E4:02:B8:34:EC:F3,-57,1711218690.5465202
2024-03-23 18:31:30.546499,E9:71:D6:A6:52:19,-58,1711218690.5465202
2024-03-23 18:31:30.546499,FA:A5:6E:E8:3D:9C,-69,1711218690.5465202
2024-03-23 18:31:30.546499,EE:93:45:01:28:95,-72,1711218690.5465202
2024-03-23 18:31:31.549493,D7:AB:60:ED:B3:66,-71,1711218691.5495148
2024-03-23 18:31:31.549493,E9:71:D6:A6:52:19,-52,1711218691.5495148
2024-03-23 18:31:31.549493,FA:A5:6E:E8:3D:9C,-63,1711218691.5495148
2024-03-23 18:31:31.549493,EE:93:45:01:28:95,-73,1711218691.5495148
2024-03-23 18:31:32.302917,D7:AB:60:ED:B3:66,-69,1711218692.3029358
2024-03-23 18:31:32.302917,F3:B0:D4:A4:42:E0,-60,1711218692.3029358
2024-03-23 18:31:32.302917,E9:71:D6:A6:52:19,-52,1711218692.3029358
2024-03-23 18:31:32.302917,FA:A5:6E:E8:3D:9C,-59,1711218692.3029358
2024-03-23 18:31:33.154580,EE:93:45:01:28:95,-70,1711218693.1545997
2024-03-23 18:31:33.154580,D7:AB:60:ED:B3:66,-59,1711218693.1545997
2024-03-23 18:31:33.154580,F3:B0:D4:A4:42:E0,-70,1711218693.1545997
2024-03-23 18:31:33.154580,E4:02:B8:34:EC:F3,-79,1711218693.1545997
2024-03-23 18:31:33.625925,E9:71:D6:A6:52:19,-80,1711218693.625944
2024-03-23 18:31:33.625925,FA:A5:6E:E8:3D:9C,-77,1711218693.625944
2024-03-23 18:31:33.625925,EE:93:45:01:28:95,-71,1711218693.625944
2024-03-23 18:31:33.625925,D7:AB:60:ED:B3:66,-61,1711218693.625944
2024-03-23 18:31:34.560778,F3:B0:D4:A4:42:E0,-65,1711218694.5608068
2024-03-23 18:31:34.560778,E4:02:B8:34:EC:F3,-53,1711218694.5608068
2024-03-23 18:31:34.560778,E9:71:D6:A6:52:19,-80,1711218694.5608068
2024-03-23 18:31:34.560778,EE:93:45:01:28:95,-71,1711218694.5608068
2024-03-23 18:31:35.313567,D7:AB:60:ED:B3:66,-66,1711218695.3135886
2024-03-23 18:31:35.313567,F3:B0:D4:A4:42:E0,-58,1711218695.3135886
2024-03-23 18:31:35.313567,E9:71:D6:A6:52:19,-50,1711218695.3135886
2024-03-23 18:31:35.313567,FA:A5:6E:E8:3D:9C,-62,1711218695.3135886
2024-03-23 18:31:36.170573,EE:93:45:01:28:95,-71,1711218696.170594
2024-03-23 18:31:36.170573,D7:AB:60:ED:B3:66,-67,1711218696.170594
2024-03-23 18:31:36.170573,F3:B0:D4:A4:42:E0,-72,1711218696.170594
2024-03-23 18:31:36.170573,E4:02:B8:34:EC:F3,-61,1711218696.170594
2024-03-23 18:31:36.641851,E9:71:D6:A6:52:19,-49,1711218696.6418707
2024-03-23 18:31:36.641851,FA:A5:6E:E8:3D:9C,-64,1711218696.6418707
2024-03-23 18:31:36.641851,EE:93:45:01:28:95,-72,1711218696.6418707
2024-03-23 18:31:36.641851,D7:AB:60:ED:B3:66,-73,1711218696.6418707
2024-03-23 18:31:37.329844,F3:B0:D4:A4:42:E0,-63,1711218697.3298633
2024-03-23 18:31:37.329844,E4:02:B8:34:EC:F3,-59,1711218697.3298633
2024-03-23 18:31:37.329844,E9:71:D6:A6:52:19,-60,1711218697.3298633
2024-03-23 18:31:37.329844,FA:A5:6E:E8:3D:9C,-67,1711218697.3298633
2024-03-23 18:31:38.173553,EE:93:45:01:28:95,-69,1711218698.1735742
2024-03-23 18:31:38.173553,D7:AB:60:ED:B3:66,-75,1711218698.1735742
2024-03-23 18:31:38.173553,F3:B0:D4:A4:42:E0,-59,1711218698.1735742
2024-03-23 18:31:38.173553,E4:02:B8:34:EC:F3,-57,1711218698.1735742
2024-03-23 18:31:38.890518,E9:71:D6:A6:52:19,-51,1711218698.8905392
2024-03-23 18:31:38.890518,EE:93:45:01:28:95,-71,1711218698.8905392
2024-03-23 18:31:38.890518,D7:AB:60:ED:B3:66,-62,1711218698.8905392
2024-03-23 18:31:38.890518,F3:B0:D4:A4:42:E0,-61,1711218698.8905392
2024-03-23 18:31:39.659620,E4:02:B8:34:EC:F3,-57,1711218699.6596432
2024-03-23 18:31:39.659620,E9:71:D6:A6:52:19,-57,1711218699.6596432
2024-03-23 18:31:39.659620,FA:A5:6E:E8:3D:9C,-60,1711218699.6596432
2024-03-23 18:31:39.659620,D7:AB:60:ED:B3:66,-70,1711218699.6596432
2024-03-23 18:31:40.409977,F3:B0:D4:A4:42:E0,-65,1711218700.4099967
2024-03-23 18:31:40.409977,E4:02:B8:34:EC:F3,-56,1711218700.4099967
2024-03-23 18:31:40.409977,E9:71:D6:A6:52:19,-50,1711218700.4099967
2024-03-23 18:31:40.409977,FA:A5:6E:E8:3D:9C,-70,1711218700.4099967
2024-03-23 18:31:41.186369,EE:93:45:01:28:95,-68,1711218701.1863894
2024-03-23 18:31:41.186369,D7:AB:60:ED:B3:66,-67,1711218701.1863894
2024-03-23 18:31:41.186369,F3:B0:D4:A4:42:E0,-58,1711218701.1863894
2024-03-23 18:31:41.186369,E4:02:B8:34:EC:F3,-52,1711218701.1863894
2024-03-23 18:31:41.907438,FA:A5:6E:E8:3D:9C,-64,1711218701.9074602
2024-03-23 18:31:41.907438,EE:93:45:01:28:95,-65,1711218701.9074602
2024-03-23 18:31:41.907438,D7:AB:60:ED:B3:66,-71,1711218701.9074602
2024-03-23 18:31:41.907438,F3:B0:D4:A4:42:E0,-57,1711218701.9074602
2024-03-23 18:31:42.608560,E4:02:B8:34:EC:F3,-58,1711218702.6085818
2024-03-23 18:31:42.608560,E9:71:D6:A6:52:19,-57,1711218702.6085818
2024-03-23 18:31:42.608560,FA:A5:6E:E8:3D:9C,-65,1711218702.6085818
2024-03-23 18:31:42.608560,EE:93:45:01:28:95,-82,1711218702.6085818
2024-03-23 18:31:43.610629,D7:AB:60:ED:B3:66,-67,1711218703.6106484
2024-03-23 18:31:43.610629,F3:B0:D4:A4:42:E0,-54,1711218703.6106484
2024-03-23 18:31:43.610629,FA:A5:6E:E8:3D:9C,-90,1711218703.6106484
2024-03-23 18:31:43.610629,EE:93:45:01:28:95,-74,1711218703.6106484
2024-03-23 18:31:44.341759,D7:AB:60:ED:B3:66,-69,1711218704.3417776
2024-03-23 18:31:44.341759,F3:B0:D4:A4:42:E0,-56,1711218704.3417776
2024-03-23 18:31:44.341759,E4:02:B8:34:EC:F3,-56,1711218704.3417776
2024-03-23 18:31:44.341759,E9:71:D6:A6:52:19,-56,1711218704.3417776
2024-03-23 18:31:44.922625,FA:A5:6E:E8:3D:9C,-80,1711218704.922643
2024-03-23 18:31:44.922625,EE:93:45:01:28:95,-74,1711218704.922643
2024-03-23 18:31:44.922625,D7:AB:60:ED:B3:66,-80,1711218704.922643
2024-03-23 18:31:44.922625,F3:B0:D4:A4:42:E0,-54,1711218704.922643
2024-03-23 18:31:45.926486,E4:02:B8:34:EC:F3,-57,1711218705.926508
2024-03-23 18:31:45.926486,E9:71:D6:A6:52:19,-52,1711218705.926508
2024-03-23 18:31:45.926486,D7:AB:60:ED:B3:66,-67,1711218705.926508
2024-03-23 18:31:45.926486,F3:B0:D4:A4:42:E0,-65,1711218705.926508
2024-03-23 18:31:46.633640,E4:02:B8:34:EC:F3,-58,1711218706.6336584
2024-03-23 18:31:46.633640,E9:71:D6:A6:52:19,-53,1711218706.6336584
2024-03-23 18:31:46.633640,FA:A5:6E:E8:3D:9C,-68,1711218706.6336584
2024-03-23 18:31:46.633640,EE:93:45:01:28:95,-64,1711218706.6336584
2024-03-23 18:31:47.359328,D7:AB:60:ED:B3:66,-65,1711218707.359348
2024-03-23 18:31:47.359328,F3:B0:D4:A4:42:E0,-59,1711218707.359348
2024-03-23 18:31:47.359328,E4:02:B8:34:EC:F3,-61,1711218707.359348
2024-03-23 18:31:47.359328,E9:71:D6:A6:52:19,-51,1711218707.359348
2024-03-23 18:31:47.940665,FA:A5:6E:E8:3D:9C,-75,1711218707.9406846
2024-03-23 18:31:47.940665,EE:93:45:01:28:95,-61,1711218707.9406846
2024-03-23 18:31:47.940665,D7:AB:60:ED:B3:66,-62,1711218707.9406846
2024-03-23 18:31:47.940665,F3:B0:D4:A4:42:E0,-63,1711218707.9406846
2024-03-23 18:31:48.701844,E4:02:B8:34:EC:F3,-61,1711218708.7018642
2024-03-23 18:31:48.701844,FA:A5:6E:E8:3D:9C,-63,1711218708.7018642
2024-03-23 18:31:48.701844,EE:93:45:01:28:95,-68,1711218708.7018642
2024-03-23 18:31:48.701844,D7:AB:60:ED:B3:66,-61,1711218708.7018642
2024-03-23 18:31:49.390613,F3:B0:D4:A4:42:E0,-51,1711218709.3906329
2024-03-23 18:31:49.390613,E4:02:B8:34:EC:F3,-65,1711218709.3906329
2024-03-23 18:31:49.390613,E9:71:D6:A6:52:19,-58,1711218709.3906329
2024-03-23 18:31:49.390613,FA:A5:6E:E8:3D:9C,-58,1711218709.3906329
2024-03-23 18:31:50.376329,EE:93:45:01:28:95,-65,1711218710.3763516
2024-03-23 18:31:50.376329,D7:AB:60:ED:B3:66,-61,1711218710.3763516
2024-03-23 18:31:50.376329,F3:B0:D4:A4:42:E0,-65,1711218710.3763516
2024-03-23 18:31:50.376329,E9:71:D6:A6:52:19,-59,1711218710.3763516
2024-03-23 18:31:51.251444,FA:A5:6E:E8:3D:9C,-63,1711218711.2514648
2024-03-23 18:31:51.251444,D7:AB:60:ED:B3:66,-67,1711218711.2514648
2024-03-23 18:31:51.251444,F3:B0:D4:A4:42:E0,-63,1711218711.2514648
2024-03-23 18:31:51.251444,E4:02:B8:34:EC:F3,-60,1711218711.2514648
2024-03-23 18:31:51.714661,E9:71:D6:A6:52:19,-59,1711218711.7146797
2024-03-23 18:31:51.714661,FA:A5:6E:E8:3D:9C,-58,1711218711.7146797
2024-03-23 18:31:51.714661,EE:93:45:01:28:95,-78,1711218711.7146797
2024-03-23 18:31:51.714661,D7:AB:60:ED:B3:66,-66,1711218711.7146797
2024-03-23 18:31:52.662317,F3:B0:D4:A4:42:E0,-73,1711218712.6623373
2024-03-23 18:31:52.662317,E9:71:D6:A6:52:19,-59,1711218712.6623373
2024-03-23 18:31:52.662317,FA:A5:6E:E8:3D:9C,-59,1711218712.6623373
2024-03-23 18:31:52.662317,EE:93:45:01:28:95,-72,1711218712.6623373
2024-03-23 18:31:53.388646,D7:AB:60:ED:B3:66,-59,1711218713.388668
2024-03-23 18:31:53.388646,F3:B0:D4:A4:42:E0,-63,1711218713.388668
2024-03-23 18:31:53.388646,E4:02:B8:34:EC:F3,-51,1711218713.388668
2024-03-23 18:31:53.388646,E9:71:D6:A6:52:19,-52,1711218713.388668
2024-03-23 18:31:53.974673,FA:A5:6E:E8:3D:9C,-60,1711218713.9746938
2024-03-23 18:31:53.974673,EE:93:45:01:28:95,-66,1711218713.9746938
2024-03-23 18:31:53.974673,D7:AB:60:ED:B3:66,-88,1711218713.9746938
2024-03-23 18:31:53.974673,F3:B0:D4:A4:42:E0,-54,1711218713.9746938
2024-03-23 18:31:54.730280,E4:02:B8:34:EC:F3,-51,1711218714.7303016
2024-03-23 18:31:54.730280,E9:71:D6:A6:52:19,-62,1711218714.7303016
2024-03-23 18:31:54.730280,FA:A5:6E:E8:3D:9C,-75,1711218714.7303016
2024-03-23 18:31:54.730280,D7:AB:60:ED:B3:66,-71,1711218714.7303016
2024-03-23 18:31:55.677286,F3:B0:D4:A4:42:E0,-58,1711218715.6773067
2024-03-23 18:31:55.677286,E4:02:B8:34:EC:F3,-63,1711218715.6773067
2024-03-23 18:31:55.677286,FA:A5:6E:E8:3D:9C,-59,1711218715.6773067
2024-03-23 18:31:55.677286,EE:93:45:01:28:95,-66,1711218715.6773067
2024-03-23 18:31:56.400455,D7:AB:60:ED:B3:66,-64,1711218716.4004772
2024-03-23 18:31:56.400455,F3:B0:D4:A4:42:E0,-59,1711218716.4004772
2024-03-23 18:31:56.400455,E4:02:B8:34:EC:F3,-65,1711218716.4004772
2024-03-23 18:31:56.400455,E9:71:D6:A6:52:19,-52,1711218716.4004772
2024-03-23 18:31:56.990410,FA:A5:6E:E8:3D:9C,-57,1711218716.99043
2024-03-23 18:31:56.990410,EE:93:45:01:28:95,-71,1711218716.99043
2024-03-23 18:31:56.990410,D7:AB:60:ED:B3:66,-59,1711218716.99043
2024-03-23 18:31:56.990410,F3:B0:D4:A4:42:E0,-62,1711218716.99043
2024-03-23 18:31:57.742589,E4:02:B8:34:EC:F3,-53,1711218717.7426085
2024-03-23 18:31:57.742589,FA:A5:6E:E8:3D:9C,-61,1711218717.7426085
2024-03-23 18:31:57.742589,EE:93:45:01:28:95,-67,1711218717.7426085
2024-03-23 18:31:57.742589,D7:AB:60:ED:B3:66,-60,1711218717.7426085
2024-03-23 18:31:58.434638,F3:B0:D4:A4:42:E0,-57,1711218718.4346561
2024-03-23 18:31:58.434638,E4:02:B8:34:EC:F3,-57,1711218718.4346561
2024-03-23 18:31:58.434638,E9:71:D6:A6:52:19,-57,1711218718.4346561
2024-03-23 18:31:58.434638,FA:A5:6E:E8:3D:9C,-67,1711218718.4346561
2024-03-23 18:31:59.368832,EE:93:45:01:28:95,-65,1711218719.3688564
2024-03-23 18:31:59.368832,D7:AB:60:ED:B3:66,-66,1711218719.3688564
2024-03-23 18:31:59.368832,F3:B0:D4:A4:42:E0,-57,1711218719.3688564
2024-03-23 18:31:59.368832,E4:02:B8:34:EC:F3,-58,1711218719.3688564
2024-03-23 18:32:00.004332,E9:71:D6:A6:52:19,-52,1711218720.0043542
2024-03-23 18:32:00.004332,FA:A5:6E:E8:3D:9C,-66,1711218720.0043542
2024-03-23 18:32:00.004332,D7:AB:60:ED:B3:66,-63,1711218720.0043542
2024-03-23 18:32:00.004332,F3:B0:D4:A4:42:E0,-62,1711218720.0043542
2024-03-23 18:32:00.709788,E4:02:B8:34:EC:F3,-53,1711218720.7098086
2024-03-23 18:32:00.709788,E9:71:D6:A6:52:19,-54,1711218720.7098086
2024-03-23 18:32:00.709788,FA:A5:6E:E8:3D:9C,-65,1711218720.7098086
2024-03-23 18:32:00.709788,EE:93:45:01:28:95,-76,1711218720.7098086
2024-03-23 18:32:02.024371,D7:AB:60:ED:B3:66,-68,1711218722.024394
2024-03-23 18:32:02.024371,E9:71:D6:A6:52:19,-53,1711218722.024394
2024-03-23 18:32:02.024371,EE:93:45:01:28:95,-69,1711218722.024394
2024-03-23 18:32:02.024371,F3:B0:D4:A4:42:E0,-66,1711218722.024394
2024-03-23 18:32:02.758383,E4:02:B8:34:EC:F3,-51,1711218722.7584095
2024-03-23 18:32:02.758383,E9:71:D6:A6:52:19,-61,1711218722.7584095
2024-03-23 18:32:02.758383,FA:A5:6E:E8:3D:9C,-62,1711218722.7584095
2024-03-23 18:32:02.758383,EE:93:45:01:28:95,-64,1711218722.7584095
2024-03-23 18:32:03.437589,D7:AB:60:ED:B3:66,-68,1711218723.4376109
2024-03-23 18:32:03.437589,F3:B0:D4:A4:42:E0,-66,1711218723.4376109
2024-03-23 18:32:03.437589,E4:02:B8:34:EC:F3,-52,1711218723.4376109
2024-03-23 18:32:03.437589,E9:71:D6:A6:52:19,-61,1711218723.4376109
2024-03-23 18:32:04.301255,EE:93:45:01:28:95,-67,1711218724.3012762
2024-03-23 18:32:04.301255,D7:AB:60:ED:B3:66,-59,1711218724.3012762
2024-03-23 18:32:04.301255,F3:B0:D4:A4:42:E0,-59,1711218724.3012762
2024-03-23 18:32:04.301255,E4:02:B8:34:EC:F3,-54,1711218724.3012762
2024-03-23 18:32:05.035285,FA:A5:6E:E8:3D:9C,-68,1711218725.0353067
2024-03-23 18:32:05.035285,EE:93:45:01:28:95,-68,1711218725.0353067
2024-03-23 18:32:05.035285,D7:AB:60:ED:B3:66,-64,1711218725.0353067
2024-03-23 18:32:05.035285,F3:B0:D4:A4:42:E0,-58,1711218725.0353067
2024-03-23 18:32:05.730719,E4:02:B8:34:EC:F3,-59,1711218725.7307382
2024-03-23 18:32:05.730719,E9:71:D6:A6:52:19,-52,1711218725.7307382
2024-03-23 18:32:05.730719,FA:A5:6E:E8:3D:9C,-64,1711218725.7307382
2024-03-23 18:32:05.730719,EE:93:45:01:28:95,-68,1711218725.7307382
2024-03-23 18:32:06.460808,D7:AB:60:ED:B3:66,-68,1711218726.4608307
2024-03-23 18:32:06.460808,F3:B0:D4:A4:42:E0,-69,1711218726.4608307
2024-03-23 18:32:06.460808,E4:02:B8:34:EC:F3,-50,1711218726.4608307
2024-03-23 18:32:06.460808,E9:71:D6:A6:52:19,-51,1711218726.4608307
2024-03-23 18:32:07.317291,FA:A5:6E:E8:3D:9C,-61,1711218727.3173113
2024-03-23 18:32:07.317291,EE:93:45:01:28:95,-65,1711218727.3173113
2024-03-23 18:32:07.317291,F3:B0:D4:A4:42:E0,-59,1711218727.3173113
2024-03-23 18:32:07.317291,E4:02:B8:34:EC:F3,-51,1711218727.3173113
2024-03-23 18:32:08.040314,E9:71:D6:A6:52:19,-53,1711218728.0403354
2024-03-23 18:32:08.040314,EE:93:45:01:28:95,-65,1711218728.0403354
2024-03-23 18:32:08.040314,D7:AB:60:ED:B3:66,-67,1711218728.0403354
2024-03-23 18:32:08.040314,F3:B0:D4:A4:42:E0,-59,1711218728.0403354
2024-03-23 18:32:08.791412,E4:02:B8:34:EC:F3,-53,1711218728.7914329
2024-03-23 18:32:08.791412,E9:71:D6:A6:52:19,-53,1711218728.7914329
2024-03-23 18:32:08.791412,EE:93:45:01:28:95,-67,1711218728.7914329
2024-03-23 18:32:08.791412,D7:AB:60:ED:B3:66,-60,1711218728.7914329
2024-03-23 18:32:09.496854,F3:B0:D4:A4:42:E0,-59,1711218729.496875
2024-03-23 18:32:09.496854,E4:02:B8:34:EC:F3,-52,1711218729.496875
2024-03-23 18:32:09.496854,E9:71:D6:A6:52:19,-60,1711218729.496875
2024-03-23 18:32:09.496854,FA:A5:6E:E8:3D:9C,-67,1711218729.496875
2024-03-23 18:32:10.336335,EE:93:45:01:28:95,-68,1711218730.3363574
2024-03-23 18:32:10.336335,D7:AB:60:ED:B3:66,-65,1711218730.3363574
2024-03-23 18:32:10.336335,F3:B0:D4:A4:42:E0,-70,1711218730.3363574
2024-03-23 18:32:10.336335,E4:02:B8:34:EC:F3,-59,1711218730.3363574
2024-03-23 18:32:11.055394,E9:71:D6:A6:52:19,-61,1711218731.0554135
2024-03-23 18:32:11.055394,EE:93:45:01:28:95,-65,1711218731.0554135
2024-03-23 18:32:11.055394,D7:AB:60:ED:B3:66,-67,1711218731.0554135
2024-03-23 18:32:11.055394,F3:B0:D4:A4:42:E0,-59,1711218731.0554135
2024-03-23 18:32:11.794650,E4:02:B8:34:EC:F3,-59,1711218731.7946947
2024-03-23 18:32:11.794650,E9:71:D6:A6:52:19,-52,1711218731.7946947
2024-03-23 18:32:11.794650,FA:A5:6E:E8:3D:9C,-63,1711218731.7946947
2024-03-23 18:32:11.794650,EE:93:45:01:28:95,-67,1711218731.7946947
2024-03-23 18:32:12.494618,D7:AB:60:ED:B3:66,-60,1711218732.4946375
2024-03-23 18:32:12.494618,F3:B0:D4:A4:42:E0,-59,1711218732.4946375
2024-03-23 18:32:12.494618,E4:02:B8:34:EC:F3,-50,1711218732.4946375
2024-03-23 18:32:12.494618,E9:71:D6:A6:52:19,-53,1711218732.4946375
2024-03-23 18:32:13.513218,D7:AB:60:ED:B3:66,-65,1711218733.51324
2024-03-23 18:32:13.513218,F3:B0:D4:A4:42:E0,-59,1711218733.51324
2024-03-23 18:32:13.513218,E4:02:B8:34:EC:F3,-50,1711218733.51324
2024-03-23 18:32:13.513218,FA:A5:6E:E8:3D:9C,-63,1711218733.51324
2024-03-23 18:32:14.364295,EE:93:45:01:28:95,-69,1711218734.3643184
2024-03-23 18:32:14.364295,D7:AB:60:ED:B3:66,-68,1711218734.3643184
2024-03-23 18:32:14.364295,F3:B0:D4:A4:42:E0,-59,1711218734.3643184
2024-03-23 18:32:14.364295,E4:02:B8:34:EC:F3,-53,1711218734.3643184
2024-03-23 18:32:14.811804,E9:71:D6:A6:52:19,-60,1711218734.8118267
2024-03-23 18:32:14.811804,FA:A5:6E:E8:3D:9C,-67,1711218734.8118267
2024-03-23 18:32:14.811804,EE:93:45:01:28:95,-65,1711218734.8118267
2024-03-23 18:32:14.811804,D7:AB:60:ED:B3:66,-67,1711218734.8118267
2024-03-23 18:32:15.521574,F3:B0:D4:A4:42:E0,-71,1711218735.5215929
2024-03-23 18:32:15.521574,E4:02:B8:34:EC:F3,-53,1711218735.5215929
2024-03-23 18:32:15.521574,E9:71:D6:A6:52:19,-60,1711218735.5215929
2024-03-23 18:32:15.521574,FA:A5:6E:E8:3D:9C,-65,1711218735.5215929
2024-03-23 18:32:16.475857,EE:93:45:01:28:95,-65,1711218736.4758785
2024-03-23 18:32:16.475857,D7:AB:60:ED:B3:66,-60,1711218736.4758785
2024-03-23 18:32:16.475857,F3:B0:D4:A4:42:E0,-59,1711218736.4758785
2024-03-23 18:32:16.475857,E4:02:B8:34:EC:F3,-58,1711218736.4758785
2024-03-23 18:32:17.090757,E9:71:D6:A6:52:19,-53,1711218737.0907757
2024-03-23 18:32:17.090757,EE:93:45:01:28:95,-66,1711218737.0907757
2024-03-23 18:32:17.090757,D7:AB:60:ED:B3:66,-65,1711218737.0907757
2024-03-23 18:32:17.090757,F3:B0:D4:A4:42:E0,-59,1711218737.0907757
2024-03-23 18:32:17.791257,E4:02:B8:34:EC:F3,-58,1711218737.7912786
2024-03-23 18:32:17.791257,E9:71:D6:A6:52:19,-53,1711218737.7912786
2024-03-23 18:32:17.791257,FA:A5:6E:E8:3D:9C,-65,1711218737.7912786
2024-03-23 18:32:17.791257,EE:93:45:01:28:95,-66,1711218737.7912786
2024-03-23 18:32:18.529451,D7:AB:60:ED:B3:66,-67,1711218738.5294712
2024-03-23 18:32:18.529451,F3:B0:D4:A4:42:E0,-58,1711218738.5294712
2024-03-23 18:32:18.529451,E4:02:B8:34:EC:F3,-51,1711218738.5294712
2024-03-23 18:32:18.529451,E9:71:D6:A6:52:19,-53,1711218738.5294712
2024-03-23 18:32:19.106300,FA:A5:6E:E8:3D:9C,-66,1711218739.1063201
2024-03-23 18:32:19.106300,EE:93:45:01:28:95,-66,1711218739.1063201
2024-03-23 18:32:19.106300,D7:AB:60:ED:B3:66,-68,1711218739.1063201
2024-03-23 18:32:19.106300,F3:B0:D4:A4:42:E0,-58,1711218739.1063201
2024-03-23 18:32:19.828630,E4:02:B8:34:EC:F3,-51,1711218739.8286507
2024-03-23 18:32:19.828630,E9:71:D6:A6:52:19,-61,1711218739.8286507
2024-03-23 18:32:19.828630,EE:93:45:01:28:95,-67,1711218739.8286507
2024-03-23 18:32:19.828630,D7:AB:60:ED:B3:66,-59,1711218739.8286507
2024-03-23 18:32:20.544552,F3:B0:D4:A4:42:E0,-71,1711218740.5445728
2024-03-23 18:32:20.544552,E4:02:B8:34:EC:F3,-58,1711218740.5445728
2024-03-23 18:32:20.544552,E9:71:D6:A6:52:19,-51,1711218740.5445728
2024-03-23 18:32:20.544552,FA:A5:6E:E8:3D:9C,-64,1711218740.5445728
2024-03-23 18:32:21.534237,EE:93:45:01:28:95,-66,1711218741.5342581
2024-03-23 18:32:21.534237,D7:AB:60:ED:B3:66,-66,1711218741.5342581
2024-03-23 18:32:21.534237,F3:B0:D4:A4:42:E0,-72,1711218741.5342581
2024-03-23 18:32:21.534237,E9:71:D6:A6:52:19,-53,1711218741.5342581
2024-03-23 18:32:22.842613,EE:93:45:01:28:95,-65,1711218742.8426325
2024-03-23 18:32:22.842613,F3:B0:D4:A4:42:E0,-59,1711218742.8426325
2024-03-23 18:32:22.842613,E4:02:B8:34:EC:F3,-50,1711218742.8426325
2024-03-23 18:32:22.842613,D7:AB:60:ED:B3:66,-66,1711218742.8426325
2024-03-23 18:32:23.553622,F3:B0:D4:A4:42:E0,-59,1711218743.5536406
2024-03-23 18:32:23.553622,E4:02:B8:34:EC:F3,-51,1711218743.5536406
2024-03-23 18:32:23.553622,E9:71:D6:A6:52:19,-59,1711218743.5536406
2024-03-23 18:32:23.553622,FA:A5:6E:E8:3D:9C,-64,1711218743.5536406
2024-03-23 18:32:24.411257,EE:93:45:01:28:95,-67,1711218744.4112773
2024-03-23 18:32:24.411257,D7:AB:60:ED:B3:66,-60,1711218744.4112773
2024-03-23 18:32:24.411257,F3:B0:D4:A4:42:E0,-71,1711218744.4112773
2024-03-23 18:32:24.411257,E4:02:B8:34:EC:F3,-56,1711218744.4112773
2024-03-23 18:32:25.029066,E9:71:D6:A6:52:19,-51,1711218745.0290883
2024-03-23 18:32:25.029066,FA:A5:6E:E8:3D:9C,-64,1711218745.0290883
2024-03-23 18:32:25.029066,EE:93:45:01:28:95,-69,1711218745.0290883
2024-03-23 18:32:25.029066,D7:AB:60:ED:B3:66,-63,1711218745.0290883
2024-03-23 18:32:25.852483,E4:02:B8:34:EC:F3,-54,1711218745.8525083
2024-03-23 18:32:25.852483,E9:71:D6:A6:52:19,-53,1711218745.8525083
2024-03-23 18:32:25.852483,FA:A5:6E:E8:3D:9C,-68,1711218745.8525083
2024-03-23 18:32:25.852483,EE:93:45:01:28:95,-65,1711218745.8525083
2024-03-23 18:32:26.565480,D7:AB:60:ED:B3:66,-65,1711218746.5654993
2024-03-23 18:32:26.565480,F3:B0:D4:A4:42:E0,-61,1711218746.5654993
2024-03-23 18:32:26.565480,E4:02:B8:34:EC:F3,-51,1711218746.5654993
2024-03-23 18:32:26.565480,E9:71:D6:A6:52:19,-53,1711218746.5654993
2024-03-23 18:32:27.138636,FA:A5:6E:E8:3D:9C,-66,1711218747.1386533
2024-03-23 18:32:27.138636,EE:93:45:01:28:95,-66,1711218747.1386533
2024-03-23 18:32:27.138636,D7:AB:60:ED:B3:66,-67,1711218747.1386533
2024-03-23 18:32:27.138636,F3:B0:D4:A4:42:E0,-59,1711218747.1386533
2024-03-23 18:32:28.149505,E4:02:B8:34:EC:F3,-52,1711218748.1495254
2024-03-23 18:32:28.149505,EE:93:45:01:28:95,-66,1711218748.1495254
2024-03-23 18:32:28.149505,D7:AB:60:ED:B3:66,-67,1711218748.1495254
2024-03-23 18:32:28.149505,F3:B0:D4:A4:42:E0,-59,1711218748.1495254
2024-03-23 18:32:28.848497,E4:02:B8:34:EC:F3,-51,1711218748.8485167
2024-03-23 18:32:28.848497,E9:71:D6:A6:52:19,-60,1711218748.8485167
2024-03-23 18:32:28.848497,FA:A5:6E:E8:3D:9C,-65,1711218748.8485167
2024-03-23 18:32:28.848497,EE:93:45:01:28:95,-66,1711218748.8485167
2024-03-23 18:32:29.584432,D7:AB:60:ED:B3:66,-60,1711218749.5844538
2024-03-23 18:32:29.584432,F3:B0:D4:A4:42:E0,-71,1711218749.5844538
2024-03-23 18:32:29.584432,E4:02:B8:34:EC:F3,-58,1711218749.5844538
2024-03-23 18:32:29.584432,E9:71:D6:A6:52:19,-51,1711218749.5844538
2024-03-23 18:32:30.162334,FA:A5:6E:E8:3D:9C,-65,1711218750.1623547
2024-03-23 18:32:30.162334,EE:93:45:01:28:95,-65,1711218750.1623547
2024-03-23 18:32:30.162334,D7:AB:60:ED:B3:66,-65,1711218750.1623547
2024-03-23 18:32:30.162334,F3:B0:D4:A4:42:E0,-76,1711218750.1623547
2024-03-23 18:32:30.874564,E4:02:B8:34:EC:F3,-56,1711218750.8745828
2024-03-23 18:32:30.874564,E9:71:D6:A6:52:19,-51,1711218750.8745828
2024-03-23 18:32:30.874564,EE:93:45:01:28:95,-65,1711218750.8745828
2024-03-23 18:32:30.874564,D7:AB:60:ED:B3:66,-67,1711218750.8745828
2024-03-23 18:32:31.865358,F3:B0:D4:A4:42:E0,-61,1711218751.8653765
2024-03-23 18:32:31.865358,E4:02:B8:34:EC:F3,-51,1711218751.8653765
2024-03-23 18:32:31.865358,FA:A5:6E:E8:3D:9C,-66,1711218751.8653765
2024-03-23 18:32:31.865358,EE:93:45:01:28:95,-66,1711218751.8653765
2024-03-23 18:32:32.594184,D7:AB:60:ED:B3:66,-68,1711218752.5942044
2024-03-23 18:32:32.594184,F3:B0:D4:A4:42:E0,-58,1711218752.5942044
2024-03-23 18:32:32.594184,E4:02:B8:34:EC:F3,-53,1711218752.5942044
2024-03-23 18:32:32.594184,E9:71:D6:A6:52:19,-59,1711218752.5942044
2024-03-23 18:32:33.595505,EE:93:45:01:28:95,-66,1711218753.5955865
2024-03-23 18:32:33.595505,F3:B0:D4:A4:42:E0,-75,1711218753.5955865
2024-03-23 18:32:33.595505,E4:02:B8:34:EC:F3,-53,1711218753.5955865
2024-03-23 18:32:33.595505,E9:71:D6:A6:52:19,-51,1711218753.5955865
2024-03-23 18:32:34.460807,FA:A5:6E:E8:3D:9C,-63,1711218754.4608288
2024-03-23 18:32:34.460807,EE:93:45:01:28:95,-66,1711218754.4608288
2024-03-23 18:32:34.460807,F3:B0:D4:A4:42:E0,-60,1711218754.4608288
2024-03-23 18:32:34.460807,E4:02:B8:34:EC:F3,-54,1711218754.4608288
2024-03-23 18:32:35.622705,E9:71:D6:A6:52:19,-53,1711218755.6227226
2024-03-23 18:32:35.622705,D7:AB:60:ED:B3:66,-68,1711218755.6227226
2024-03-23 18:32:35.622705,EE:93:45:01:28:95,-68,1711218755.6227226
2024-03-23 18:32:35.622705,FA:A5:6E:E8:3D:9C,-68,1711218755.6227226
2024-03-23 18:32:36.502584,D7:AB:60:ED:B3:66,-59,1711218756.5026047
2024-03-23 18:32:36.502584,EE:93:45:01:28:95,-65,1711218756.5026047
2024-03-23 18:32:36.502584,F3:B0:D4:A4:42:E0,-59,1711218756.5026047
2024-03-23 18:32:36.502584,E4:02:B8:34:EC:F3,-53,1711218756.5026047
2024-03-23 18:32:36.901641,E9:71:D6:A6:52:19,-59,1711218756.9016597
2024-03-23 18:32:36.901641,FA:A5:6E:E8:3D:9C,-66,1711218756.9016597
2024-03-23 18:32:36.901641,D7:AB:60:ED:B3:66,-64,1711218756.9016597
2024-03-23 18:32:36.901641,EE:93:45:01:28:95,-65,1711218756.9016597
2024-03-23 18:32:37.902491,F3:B0:D4:A4:42:E0,-58,1711218757.9025126
2024-03-23 18:32:37.902491,E4:02:B8:34:EC:F3,-52,1711218757.9025126
2024-03-23 18:32:37.902491,E9:71:D6:A6:52:19,-51,1711218757.9025126
2024-03-23 18:32:37.902491,D7:AB:60:ED:B3:66,-64,1711218757.9025126
2024-03-23 18:32:38.618424,EE:93:45:01:28:95,-66,1711218758.6184433
2024-03-23 18:32:38.618424,F3:B0:D4:A4:42:E0,-77,1711218758.6184433
2024-03-23 18:32:38.618424,E4:02:B8:34:EC:F3,-54,1711218758.6184433
2024-03-23 18:32:38.618424,E9:71:D6:A6:52:19,-53,1711218758.6184433
2024-03-23 18:32:39.484284,D7:AB:60:ED:B3:66,-66,1711218759.4843078
2024-03-23 18:32:39.484284,EE:93:45:01:28:95,-65,1711218759.4843078
2024-03-23 18:32:39.484284,F3:B0:D4:A4:42:E0,-76,1711218759.4843078
2024-03-23 18:32:39.484284,E4:02:B8:34:EC:F3,-51,1711218759.4843078
2024-03-23 18:32:40.208360,E9:71:D6:A6:52:19,-53,1711218760.208384
2024-03-23 18:32:40.208360,D7:AB:60:ED:B3:66,-61,1711218760.208384
2024-03-23 18:32:40.208360,EE:93:45:01:28:95,-65,1711218760.208384
2024-03-23 18:32:40.208360,F3:B0:D4:A4:42:E0,-61,1711218760.208384
2024-03-23 18:32:40.912577,E4:02:B8:34:EC:F3,-50,1711218760.9126
2024-03-23 18:32:40.912577,E9:71:D6:A6:52:19,-58,1711218760.9126
2024-03-23 18:32:40.912577,FA:A5:6E:E8:3D:9C,-66,1711218760.9126
2024-03-23 18:32:40.912577,D7:AB:60:ED:B3:66,-65,1711218760.9126
2024-03-23 18:32:41.917872,F3:B0:D4:A4:42:E0,-60,1711218761.9178898
2024-03-23 18:32:41.917872,E4:02:B8:34:EC:F3,-52,1711218761.9178898
2024-03-23 18:32:41.917872,E9:71:D6:A6:52:19,-58,1711218761.9178898
2024-03-23 18:32:41.917872,D7:AB:60:ED:B3:66,-65,1711218761.9178898
2024-03-23 18:32:42.638595,EE:93:45:01:28:95,-65,1711218762.6386151
2024-03-23 18:32:42.638595,F3:B0:D4:A4:42:E0,-74,1711218762.6386151
2024-03-23 18:32:42.638595,E4:02:B8:34:EC:F3,-57,1711218762.6386151
2024-03-23 18:32:42.638595,E9:71:D6:A6:52:19,-51,1711218762.6386151
2024-03-23 18:32:43.644232,D7:AB:60:ED:B3:66,-67,1711218763.6442544
2024-03-23 18:32:43.644232,F3:B0:D4:A4:42:E0,-76,1711218763.6442544
2024-03-23 18:32:43.644232,E4:02:B8:34:EC:F3,-56,1711218763.6442544
2024-03-23 18:32:43.644232,E9:71:D6:A6:52:19,-53,1711218763.6442544
2024-03-23 18:32:44.653396,D7:AB:60:ED:B3:66,-60,1711218764.6534147
2024-03-23 18:32:44.653396,EE:93:45:01:28:95,-65,1711218764.6534147
2024-03-23 18:32:44.653396,F3:B0:D4:A4:42:E0,-62,1711218764.6534147
2024-03-23 18:32:44.653396,E9:71:D6:A6:52:19,-53,1711218764.6534147
2024-03-23 18:32:45.518558,D7:AB:60:ED:B3:66,-65,1711218765.5185788
2024-03-23 18:32:45.518558,EE:93:45:01:28:95,-65,1711218765.5185788
2024-03-23 18:32:45.518558,F3:B0:D4:A4:42:E0,-61,1711218765.5185788
2024-03-23 18:32:45.518558,E4:02:B8:34:EC:F3,-51,1711218765.5185788
2024-03-23 18:32:46.240257,E9:71:D6:A6:52:19,-58,1711218766.240278
2024-03-23 18:32:46.240257,FA:A5:6E:E8:3D:9C,-66,1711218766.240278
2024-03-23 18:32:46.240257,D7:AB:60:ED:B3:66,-65,1711218766.240278
2024-03-23 18:32:46.240257,F3:B0:D4:A4:42:E0,-59,1711218766.240278
2024-03-23 18:32:46.944313,E4:02:B8:34:EC:F3,-51,1711218766.9443374
2024-03-23 18:32:46.944313,E9:71:D6:A6:52:19,-51,1711218766.9443374
2024-03-23 18:32:46.944313,FA:A5:6E:E8:3D:9C,-61,1711218766.9443374
2024-03-23 18:32:46.944313,D7:AB:60:ED:B3:66,-65,1711218766.9443374
2024-03-23 18:32:47.666342,EE:93:45:01:28:95,-66,1711218767.666362
2024-03-23 18:32:47.666342,F3:B0:D4:A4:42:E0,-58,1711218767.666362
2024-03-23 18:32:47.666342,E4:02:B8:34:EC:F3,-52,1711218767.666362
2024-03-23 18:32:47.666342,E9:71:D6:A6:52:19,-51,1711218767.666362
2024-03-23 18:32:48.253388,FA:A5:6E:E8:3D:9C,-67,1711218768.2534084
2024-03-23 18:32:48.253388,D7:AB:60:ED:B3:66,-67,1711218768.2534084
2024-03-23 18:32:48.253388,EE:93:45:01:28:95,-66,1711218768.2534084
2024-03-23 18:32:48.253388,F3:B0:D4:A4:42:E0,-72,1711218768.2534084
2024-03-23 18:32:48.959246,E4:02:B8:34:EC:F3,-57,1711218768.9592676
2024-03-23 18:32:48.959246,E9:71:D6:A6:52:19,-53,1711218768.9592676
2024-03-23 18:32:48.959246,FA:A5:6E:E8:3D:9C,-66,1711218768.9592676
2024-03-23 18:32:48.959246,EE:93:45:01:28:95,-65,1711218768.9592676
2024-03-23 18:32:49.679426,D7:AB:60:ED:B3:66,-66,1711218769.6794465
2024-03-23 18:32:49.679426,F3:B0:D4:A4:42:E0,-63,1711218769.6794465
2024-03-23 18:32:49.679426,E4:02:B8:34:EC:F3,-56,1711218769.6794465
2024-03-23 18:32:49.679426,FA:A5:6E:E8:3D:9C,-65,1711218769.6794465
2024-03-23 18:32:50.555269,EE:93:45:01:28:95,-66,1711218770.555289
2024-03-23 18:32:50.555269,D7:AB:60:ED:B3:66,-61,1711218770.555289
2024-03-23 18:32:50.555269,F3:B0:D4:A4:42:E0,-58,1711218770.555289
2024-03-23 18:32:50.555269,E4:02:B8:34:EC:F3,-60,1711218770.555289
2024-03-23 18:32:51.259414,FA:A5:6E:E8:3D:9C,-62,1711218771.259436
2024-03-23 18:32:51.259414,E9:71:D6:A6:52:19,-59,1711218771.259436
2024-03-23 18:32:51.259414,D7:AB:60:ED:B3:66,-58,1711218771.259436
2024-03-23 18:32:51.259414,F3:B0:D4:A4:42:E0,-62,1711218771.259436
2024-03-23 18:32:51.970203,E4:02:B8:34:EC:F3,-57,1711218771.970224
2024-03-23 18:32:51.970203,E9:71:D6:A6:52:19,-57,1711218771.970224
2024-03-23 18:32:51.970203,FA:A5:6E:E8:3D:9C,-69,1711218771.970224
2024-03-23 18:32:51.970203,EE:93:45:01:28:95,-61,1711218771.970224
2024-03-23 18:32:52.695683,D7:AB:60:ED:B3:66,-59,1711218772.695711
2024-03-23 18:32:52.695683,F3:B0:D4:A4:42:E0,-63,1711218772.695711
2024-03-23 18:32:52.695683,E4:02:B8:34:EC:F3,-67,1711218772.695711
2024-03-23 18:32:52.695683,E9:71:D6:A6:52:19,-51,1711218772.695711
2024-03-23 18:32:53.269295,FA:A5:6E:E8:3D:9C,-66,1711218773.2693164
2024-03-23 18:32:53.269295,EE:93:45:01:28:95,-65,1711218773.2693164
2024-03-23 18:32:53.269295,D7:AB:60:ED:B3:66,-66,1711218773.2693164
2024-03-23 18:32:53.269295,F3:B0:D4:A4:42:E0,-59,1711218773.2693164
2024-03-23 18:32:53.994908,E4:02:B8:34:EC:F3,-51,1711218773.9949327
2024-03-23 18:32:53.994908,E9:71:D6:A6:52:19,-53,1711218773.9949327
2024-03-23 18:32:53.994908,EE:93:45:01:28:95,-70,1711218773.9949327
2024-03-23 18:32:53.994908,D7:AB:60:ED:B3:66,-63,1711218773.9949327
2024-03-23 18:32:54.989243,F3:B0:D4:A4:42:E0,-66,1711218774.9892638
2024-03-23 18:32:54.989243,E9:71:D6:A6:52:19,-50,1711218774.9892638
2024-03-23 18:32:54.989243,FA:A5:6E:E8:3D:9C,-66,1711218774.9892638
2024-03-23 18:32:54.989243,EE:93:45:01:28:95,-72,1711218774.9892638
2024-03-23 18:32:55.714476,D7:AB:60:ED:B3:66,-72,1711218775.7144957
2024-03-23 18:32:55.714476,F3:B0:D4:A4:42:E0,-59,1711218775.7144957
2024-03-23 18:32:55.714476,E4:02:B8:34:EC:F3,-49,1711218775.7144957
2024-03-23 18:32:55.714476,E9:71:D6:A6:52:19,-50,1711218775.7144957
2024-03-23 18:32:56.277349,FA:A5:6E:E8:3D:9C,-63,1711218776.2773707
2024-03-23 18:32:56.277349,EE:93:45:01:28:95,-68,1711218776.2773707
2024-03-23 18:32:56.277349,D7:AB:60:ED:B3:66,-63,1711218776.2773707
2024-03-23 18:32:56.277349,F3:B0:D4:A4:42:E0,-55,1711218776.2773707
2024-03-23 18:32:57.002308,E4:02:B8:34:EC:F3,-49,1711218777.0023296
2024-03-23 18:32:57.002308,E9:71:D6:A6:52:19,-58,1711218777.0023296
2024-03-23 18:32:57.002308,FA:A5:6E:E8:3D:9C,-71,1711218777.0023296
2024-03-23 18:32:57.002308,D7:AB:60:ED:B3:66,-66,1711218777.0023296
2024-03-23 18:32:57.730536,EE:93:45:01:28:95,-68,1711218777.7305632
2024-03-23 18:32:57.730536,F3:B0:D4:A4:42:E0,-60,1711218777.7305632
2024-03-23 18:32:57.730536,E4:02:B8:34:EC:F3,-53,1711218777.7305632
2024-03-23 18:32:57.730536,E9:71:D6:A6:52:19,-52,1711218777.7305632
2024-03-23 18:32:58.590218,FA:A5:6E:E8:3D:9C,-63,1711218778.5902395
2024-03-23 18:32:58.590218,D7:AB:60:ED:B3:66,-65,1711218778.5902395
2024-03-23 18:32:58.590218,F3:B0:D4:A4:42:E0,-64,1711218778.5902395
2024-03-23 18:32:58.590218,E4:02:B8:34:EC:F3,-50,1711218778.5902395
2024-03-23 18:32:59.012516,E9:71:D6:A6:52:19,-52,1711218779.0125358
2024-03-23 18:32:59.012516,FA:A5:6E:E8:3D:9C,-68,1711218779.0125358
2024-03-23 18:32:59.012516,EE:93:45:01:28:95,-67,1711218779.0125358
2024-03-23 18:32:59.012516,D7:AB:60:ED:B3:66,-70,1711218779.0125358
2024-03-23 18:32:59.743231,F3:B0:D4:A4:42:E0,-63,1711218779.7432501
2024-03-23 18:32:59.743231,E4:02:B8:34:EC:F3,-49,1711218779.7432501
2024-03-23 18:32:59.743231,E9:71:D6:A6:52:19,-54,1711218779.7432501
2024-03-23 18:32:59.743231,FA:A5:6E:E8:3D:9C,-69,1711218779.7432501
2024-03-23 18:33:00.721529,EE:93:45:01:28:95,-63,1711218780.72155
2024-03-23 18:33:00.721529,F3:B0:D4:A4:42:E0,-59,1711218780.72155
2024-03-23 18:33:00.721529,E4:02:B8:34:EC:F3,-49,1711218780.72155
2024-03-23 18:33:00.721529,E9:71:D6:A6:52:19,-53,1711218780.72155
2024-03-23 18:33:01.307257,FA:A5:6E:E8:3D:9C,-68,1711218781.307278
2024-03-23 18:33:01.307257,EE:93:45:01:28:95,-63,1711218781.307278
2024-03-23 18:33:01.307257,D7:AB:60:ED:B3:66,-64,1711218781.307278
2024-03-23 18:33:01.307257,F3:B0:D4:A4:42:E0,-64,1711218781.307278
2024-03-23 18:33:02.026343,E4:02:B8:34:EC:F3,-48,1711218782.0263634
2024-03-23 18:33:02.026343,E9:71:D6:A6:52:19,-50,1711218782.0263634
2024-03-23 18:33:02.026343,FA:A5:6E:E8:3D:9C,-70,1711218782.0263634
2024-03-23 18:33:02.026343,EE:93:45:01:28:95,-67,1711218782.0263634
2024-03-23 18:33:02.724353,D7:AB:60:ED:B3:66,-62,1711218782.724374
2024-03-23 18:33:02.724353,F3:B0:D4:A4:42:E0,-64,1711218782.724374
2024-03-23 18:33:02.724353,E4:02:B8:34:EC:F3,-56,1711218782.724374
2024-03-23 18:33:02.724353,E9:71:D6:A6:52:19,-52,1711218782.724374
2024-03-23 18:33:03.317324,FA:A5:6E:E8:3D:9C,-67,1711218783.3173454
2024-03-23 18:33:03.317324,D7:AB:60:ED:B3:66,-61,1711218783.3173454
2024-03-23 18:33:03.317324,EE:93:45:01:28:95,-65,1711218783.3173454
2024-03-23 18:33:03.317324,F3:B0:D4:A4:42:E0,-60,1711218783.3173454
2024-03-23 18:33:04.031403,E4:02:B8:34:EC:F3,-51,1711218784.0314293
2024-03-23 18:33:04.031403,E9:71:D6:A6:52:19,-56,1711218784.0314293
2024-03-23 18:33:04.031403,FA:A5:6E:E8:3D:9C,-75,1711218784.0314293
2024-03-23 18:33:04.031403,D7:AB:60:ED:B3:66,-74,1711218784.0314293
2024-03-23 18:33:04.764385,EE:93:45:01:28:95,-62,1711218784.7644122
2024-03-23 18:33:04.764385,F3:B0:D4:A4:42:E0,-58,1711218784.7644122
2024-03-23 18:33:04.764385,E4:02:B8:34:EC:F3,-56,1711218784.7644122
2024-03-23 18:33:04.764385,E9:71:D6:A6:52:19,-42,1711218784.7644122
2024-03-23 18:33:05.326968,FA:A5:6E:E8:3D:9C,-62,1711218785.3269916
2024-03-23 18:33:05.326968,D7:AB:60:ED:B3:66,-68,1711218785.3269916
2024-03-23 18:33:05.326968,EE:93:45:01:28:95,-72,1711218785.3269916
2024-03-23 18:33:05.326968,F3:B0:D4:A4:42:E0,-64,1711218785.3269916
2024-03-23 18:33:06.040296,E4:02:B8:34:EC:F3,-53,1711218786.0403204
2024-03-23 18:33:06.040296,E9:71:D6:A6:52:19,-51,1711218786.0403204
2024-03-23 18:33:06.040296,FA:A5:6E:E8:3D:9C,-60,1711218786.0403204
2024-03-23 18:33:06.040296,D7:AB:60:ED:B3:66,-61,1711218786.0403204
2024-03-23 18:33:06.737284,EE:93:45:01:28:95,-65,1711218786.7373042
2024-03-23 18:33:06.737284,F3:B0:D4:A4:42:E0,-59,1711218786.7373042
2024-03-23 18:33:06.737284,E4:02:B8:34:EC:F3,-56,1711218786.7373042
2024-03-23 18:33:06.737284,E9:71:D6:A6:52:19,-54,1711218786.7373042
2024-03-23 18:33:07.636605,D7:AB:60:ED:B3:66,-72,1711218787.6366327
2024-03-23 18:33:07.636605,EE:93:45:01:28:95,-71,1711218787.6366327
2024-03-23 18:33:07.636605,F3:B0:D4:A4:42:E0,-62,1711218787.6366327
2024-03-23 18:33:07.636605,E4:02:B8:34:EC:F3,-51,1711218787.6366327
2024-03-23 18:33:08.054763,E9:71:D6:A6:52:19,-52,1711218788.054805
2024-03-23 18:33:08.054763,FA:A5:6E:E8:3D:9C,-76,1711218788.054805
2024-03-23 18:33:08.054763,EE:93:45:01:28:95,-66,1711218788.054805
2024-03-23 18:33:08.054763,D7:AB:60:ED:B3:66,-66,1711218788.054805
2024-03-23 18:33:09.054351,F3:B0:D4:A4:42:E0,-65,1711218789.0543718
2024-03-23 18:33:09.054351,E4:02:B8:34:EC:F3,-47,1711218789.0543718
2024-03-23 18:33:09.054351,E9:71:D6:A6:52:19,-52,1711218789.0543718
2024-03-23 18:33:09.054351,D7:AB:60:ED:B3:66,-66,1711218789.0543718
2024-03-23 18:33:09.785545,EE:93:45:01:28:95,-72,1711218789.7855635
2024-03-23 18:33:09.785545,E4:02:B8:34:EC:F3,-61,1711218789.7855635
2024-03-23 18:33:09.785545,E9:71:D6:A6:52:19,-53,1711218789.7855635
2024-03-23 18:33:09.785545,FA:A5:6E:E8:3D:9C,-66,1711218789.7855635
2024-03-23 18:33:10.752697,D7:AB:60:ED:B3:66,-63,1711218790.7527187
2024-03-23 18:33:10.752697,EE:93:45:01:28:95,-73,1711218790.7527187
2024-03-23 18:33:10.752697,E4:02:B8:34:EC:F3,-52,1711218790.7527187
2024-03-23 18:33:10.752697,E9:71:D6:A6:52:19,-54,1711218790.7527187
2024-03-23 18:33:11.357553,FA:A5:6E:E8:3D:9C,-62,1711218791.3575745
2024-03-23 18:33:11.357553,D7:AB:60:ED:B3:66,-56,1711218791.3575745
2024-03-23 18:33:11.357553,EE:93:45:01:28:95,-69,1711218791.3575745
2024-03-23 18:33:11.357553,F3:B0:D4:A4:42:E0,-57,1711218791.3575745
2024-03-23 18:33:12.360287,E4:02:B8:34:EC:F3,-50,1711218792.3603098
2024-03-23 18:33:12.360287,D7:AB:60:ED:B3:66,-72,1711218792.3603098
2024-03-23 18:33:12.360287,EE:93:45:01:28:95,-75,1711218792.3603098
2024-03-23 18:33:12.360287,F3:B0:D4:A4:42:E0,-60,1711218792.3603098
2024-03-23 18:33:13.076432,E4:02:B8:34:EC:F3,-48,1711218793.0764544
2024-03-23 18:33:13.076432,E9:71:D6:A6:52:19,-52,1711218793.0764544
2024-03-23 18:33:13.076432,FA:A5:6E:E8:3D:9C,-64,1711218793.0764544
2024-03-23 18:33:13.076432,D7:AB:60:ED:B3:66,-78,1711218793.0764544
2024-03-23 18:33:13.804617,F3:B0:D4:A4:42:E0,-69,1711218793.804638
2024-03-23 18:33:13.804617,E4:02:B8:34:EC:F3,-53,1711218793.804638
2024-03-23 18:33:13.804617,E9:71:D6:A6:52:19,-59,1711218793.804638
2024-03-23 18:33:13.804617,FA:A5:6E:E8:3D:9C,-65,1711218793.804638
2024-03-23 18:33:14.778234,D7:AB:60:ED:B3:66,-65,1711218794.7782543
2024-03-23 18:33:14.778234,F3:B0:D4:A4:42:E0,-76,1711218794.7782543
2024-03-23 18:33:14.778234,E4:02:B8:34:EC:F3,-58,1711218794.7782543
2024-03-23 18:33:14.778234,E9:71:D6:A6:52:19,-56,1711218794.7782543
